id_alerta,latitude,longitude,altitude_m,temperatura_c,clima,bateria_beacon_pct,frequencia_cardiaca_bpm,idade_usuario,tipo_terreno,prioridade_resgate
SOS-0001,-22.58278,-113.35215,1243,23.7,Ceu_Limpo,72,84,46,Corpo_D_Agua,Media
SOS-0002,81.12858,15.08434,4998,-17.0,Nevasca,51,68,28,Pico_Nevado,Critica
SOS-0003,41.75891,134.2605,162,25.0,Neblina,20,140,33,Corpo_D_Agua,Critica
SOS-0004,17.75853,83.60096,1974,19.7,Ceu_Limpo,96,99,47,Corpo_D_Agua,Baixa
SOS-0005,-61.91664,110.36201,3291,-7.6,Nevasca,86,124,42,Pico_Nevado,Media
SOS-0006,-61.92099,57.16201,269,23.7,Chuva_Forte,59,56,57,Montanha_Rochosa,Media
SOS-0007,-79.54495,69.21956,631,24.4,Ceu_Limpo,71,64,28,Deserto,Baixa
SOS-0008,65.91171,125.71043,905,28.5,Ceu_Limpo,9,95,24,Deserto,Media
SOS-0009,18.2007,-90.11952,3471,-11.5,Nevasca,1,125,43,Pico_Nevado,Critica
SOS-0010,37.45306,-3.80701,3253,-13.3,Nevasca,29,64,73,Pico_Nevado,Critica
SOS-0011,-86.29479,-100.3646,2014,16.2,Neblina,63,114,39,Floresta_Densa,Media
SOS-0012,84.58377,175.56048,1641,16.1,Chuva_Forte,72,75,42,Floresta_Densa,Media
SOS-0013,59.83968,159.86136,204,27.3,Ceu_Limpo,56,46,36,Corpo_D_Agua,Critica
SOS-0014,-51.77896,-165.80635,581,24.8,Neblina,68,68,48,Corpo_D_Agua,Critica
SOS-0015,-57.27151,74.00706,5675,-23.6,Nevasca,35,141,43,Pico_Nevado,Critica
SOS-0016,-56.98719,153.08939,840,27.1,Ceu_Limpo,3,35,59,Floresta_Densa,Critica
SOS-0017,-35.2364,-114.99288,5932,-13.8,Nevasca,7,111,58,Pico_Nevado,Critica
SOS-0018,4.45616,24.46028,5347,-2.8,Nevasca,27,139,53,Pico_Nevado,Critica
SOS-0019,-12.2499,149.57579,1719,22.0,Chuva_Forte,1,87,40,Montanha_Rochosa,Media
SOS-0020,-37.57875,-167.77945,5738,-19.3,Nevasca,91,42,64,Pico_Nevado,Critica
SOS-0021,20.13352,71.0713,2643,14.0,Neblina,80,83,30,Montanha_Rochosa,Media
SOS-0022,-64.89111,-72.95436,2297,14.4,Chuva_Forte,71,90,42,Floresta_Densa,Media
SOS-0023,-37.41396,152.78263,874,28.0,Chuva_Forte,44,64,19,Floresta_Densa,Media
SOS-0024,-24.05487,169.58097,5560,-19.2,Nevasca,87,111,19,Montanha_Rochosa,Critica
SOS-0025,-7.9074,159.93594,6339,-6.7,Nevasca,41,112,33,Pico_Nevado,Media
SOS-0026,51.33167,-9.28288,689,26.5,Chuva_Forte,75,82,26,Corpo_D_Agua,Critica
SOS-0027,-54.05872,130.33535,4000,-17.0,Nevasca,42,110,45,Pico_Nevado,Critica
SOS-0028,2.5622,124.03778,6106,-21.3,Ceu_Limpo,33,106,30,Pico_Nevado,Media
SOS-0029,16.63462,-65.12383,3141,-7.4,Nevasca,50,108,52,Montanha_Rochosa,Media
SOS-0030,-81.63893,118.40957,1422,22.9,Ceu_Limpo,63,59,58,Corpo_D_Agua,Baixa
SOS-0031,19.35807,-166.67725,6097,-16.5,Nevasca,100,138,30,Pico_Nevado,Critica
SOS-0032,-59.30566,34.65716,671,27.0,Ceu_Limpo,37,111,48,Floresta_Densa,Baixa
SOS-0033,-78.29071,-97.19682,1171,21.1,Ceu_Limpo,59,87,38,Floresta_Densa,Media
SOS-0034,80.7994,-136.59592,5591,-5.7,Ceu_Limpo,81,57,49,Montanha_Rochosa,Media
SOS-0035,83.81377,-152.29685,3726,-19.6,Nevasca,99,89,71,Pico_Nevado,Critica
SOS-0036,55.51152,70.66396,943,27.6,Chuva_Forte,48,37,51,Floresta_Densa,Critica
SOS-0037,-35.16952,-57.64501,6342,-17.2,Nevasca,5,99,25,Pico_Nevado,Critica
SOS-0038,-72.41902,80.91604,1449,19.0,Ceu_Limpo,48,109,76,Deserto,Baixa
SOS-0039,33.16194,-156.47172,3737,-23.4,Nevasca,96,46,58,Pico_Nevado,Critica
SOS-0040,-10.77255,-66.49548,2539,9.2,Neblina,3,39,65,Montanha_Rochosa,Critica
SOS-0041,-68.03312,14.21687,3959,-11.1,Nevasca,47,102,19,Pico_Nevado,Critica
SOS-0042,-0.86816,104.66034,4991,-17.8,Ceu_Limpo,62,105,55,Pico_Nevado,Media
SOS-0043,-83.81007,-65.2491,6285,-2.4,Nevasca,99,103,49,Pico_Nevado,Media
SOS-0044,73.67767,45.3209,5432,-24.6,Ceu_Limpo,14,71,71,Montanha_Rochosa,Alta
SOS-0045,-43.4196,138.95199,4260,-14.8,Nevasca,63,73,57,Pico_Nevado,Critica
SOS-0046,29.25401,41.71075,2361,12.6,Chuva_Forte,61,61,75,Corpo_D_Agua,Critica
SOS-0047,-33.89201,-96.13459,6164,-24.5,Nevasca,31,96,45,Pico_Nevado,Critica
SOS-0048,3.61224,-171.21572,5201,-21.6,Ceu_Limpo,95,74,54,Pico_Nevado,Media
SOS-0049,8.40785,133.23559,3652,-13.8,Nevasca,17,81,58,Pico_Nevado,Critica
SOS-0050,-56.7262,-172.34301,3670,-11.7,Nevasca,24,90,18,Montanha_Rochosa,Critica
SOS-0051,84.52523,134.8926,1753,17.4,Ceu_Limpo,23,59,58,Corpo_D_Agua,Media
SOS-0052,49.52391,10.41737,2352,14.6,Neblina,82,107,27,Corpo_D_Agua,Critica
SOS-0053,79.10981,158.06437,1938,18.0,Chuva_Forte,50,61,72,Floresta_Densa,Media
SOS-0054,71.06892,107.56196,370,22.6,Chuva_Forte,78,90,21,Floresta_Densa,Media
SOS-0055,17.622,179.25628,5976,-12.5,Nevasca,79,38,52,Pico_Nevado,Critica
SOS-0056,75.93736,-53.74375,4948,1.0,Ceu_Limpo,79,59,79,Montanha_Rochosa,Alta
SOS-0057,-74.07135,96.18778,4479,-11.0,Nevasca,70,38,27,Pico_Nevado,Critica
SOS-0058,-54.72308,-35.30487,1931,18.9,Neblina,27,63,64,Deserto,Media
SOS-0059,-81.85909,-7.24478,424,25.3,Chuva_Forte,15,78,28,Floresta_Densa,Media
SOS-0060,-31.44054,45.90197,6304,-4.1,Ceu_Limpo,50,72,31,Pico_Nevado,Media
SOS-0061,-20.03809,134.52376,4724,-4.1,Nevasca,36,37,55,Pico_Nevado,Critica
SOS-0062,-41.15717,174.27005,894,24.3,Chuva_Forte,8,71,29,Floresta_Densa,Alta
SOS-0063,59.17275,96.57843,6470,1.4,Chuva_Forte,79,65,62,Montanha_Rochosa,Alta
SOS-0064,-25.7844,-29.60396,597,22.3,Ceu_Limpo,3,137,34,Floresta_Densa,Critica
SOS-0065,-39.43179,-28.31148,3062,-24.5,Ceu_Limpo,62,86,33,Pico_Nevado,Media
SOS-0066,7.68529,85.52963,2336,17.1,Neblina,47,69,52,Deserto,Media
SOS-0067,-64.63364,-94.04023,4688,-3.2,Ceu_Limpo,77,46,19,Pico_Nevado,Critica
SOS-0068,54.39546,-140.22932,1687,15.0,Chuva_Forte,98,76,28,Corpo_D_Agua,Critica
SOS-0069,-76.58088,-52.33602,572,23.8,Ceu_Limpo,88,99,78,Floresta_Densa,Baixa
SOS-0070,87.63965,-76.59396,6171,-24.5,Nevasca,96,55,58,Pico_Nevado,Critica
SOS-0071,49.00406,-73.32908,2090,14.0,Neblina,61,121,20,Floresta_Densa,Media
SOS-0072,-54.23118,-95.90121,5800,-4.1,Nevasca,32,152,46,Montanha_Rochosa,Critica
SOS-0073,-89.00602,-164.84645,3669,-11.0,Ceu_Limpo,94,114,35,Pico_Nevado,Media
SOS-0074,56.78306,-173.56538,4272,-15.6,Ceu_Limpo,13,102,37,Pico_Nevado,Media
SOS-0075,37.23432,175.58006,4624,-15.0,Nevasca,1,81,64,Pico_Nevado,Critica
SOS-0076,41.22129,-26.00167,1633,14.1,Neblina,34,113,31,Floresta_Densa,Media
SOS-0077,48.82866,-41.64241,5061,-16.9,Nevasca,62,149,51,Pico_Nevado,Critica
SOS-0078,-76.67196,64.67302,1517,21.4,Ceu_Limpo,79,128,66,Floresta_Densa,Baixa
SOS-0079,-25.47617,-101.4286,4293,1.3,Ceu_Limpo,78,88,71,Montanha_Rochosa,Alta
SOS-0080,-69.14357,161.98603,2657,15.8,Ceu_Limpo,93,72,48,Montanha_Rochosa,Baixa
SOS-0081,65.35862,103.08421,3648,-24.4,Nevasca,98,129,75,Pico_Nevado,Critica
SOS-0082,22.19366,-147.81204,4948,-0.7,Nevasca,82,100,57,Montanha_Rochosa,Media
SOS-0083,-30.43836,-29.67092,3588,-3.9,Ceu_Limpo,71,138,59,Pico_Nevado,Critica
SOS-0084,-78.5595,136.48259,1537,22.6,Neblina,93,148,75,Floresta_Densa,Critica
SOS-0085,-34.02318,160.10353,6165,-12.6,Nevasca,31,93,35,Pico_Nevado,Critica
SOS-0086,-31.467,-11.73546,5176,-14.3,Nevasca,64,79,47,Pico_Nevado,Critica
SOS-0087,41.32911,40.8281,3137,-16.8,Ceu_Limpo,25,56,42,Pico_Nevado,Media
SOS-0088,24.76034,-119.86778,97,25.0,Ceu_Limpo,38,76,80,Corpo_D_Agua,Baixa
SOS-0089,69.69829,176.82071,3215,-18.8,Nevasca,14,102,78,Pico_Nevado,Critica
SOS-0090,-5.00131,-96.59819,5999,-18.3,Nevasca,8,92,36,Pico_Nevado,Critica
SOS-0091,-68.47304,159.38344,4530,-11.9,Nevasca,91,49,25,Montanha_Rochosa,Critica
SOS-0092,38.38406,53.87279,4732,-4.8,Nevasca,54,55,45,Montanha_Rochosa,Media
SOS-0093,46.94131,38.78525,3750,-12.2,Ceu_Limpo,2,85,25,Pico_Nevado,Media
SOS-0094,11.0299,4.56786,3157,-23.4,Nevasca,81,59,48,Pico_Nevado,Critica
SOS-0095,48.77409,-96.95887,4683,0.9,Chuva_Forte,78,96,20,Montanha_Rochosa,Media
SOS-0096,-1.11679,-116.44991,343,32.1,Ceu_Limpo,89,66,20,Floresta_Densa,Baixa
SOS-0097,4.09191,-100.62496,5413,-3.8,Nevasca,56,56,61,Pico_Nevado,Alta
SOS-0098,-13.04262,-112.88223,6075,1.8,Chuva_Forte,94,84,80,Montanha_Rochosa,Alta
SOS-0099,-85.42456,100.65041,4666,-10.3,Ceu_Limpo,93,71,39,Montanha_Rochosa,Media
SOS-0100,-70.57954,-53.95491,610,30.6,Chuva_Forte,84,151,34,Floresta_Densa,Critica
SOS-0101,-84.34275,-159.17664,1727,14.2,Chuva_Forte,85,113,53,Floresta_Densa,Media
SOS-0102,24.55387,168.87695,2290,13.4,Neblina,61,41,34,Floresta_Densa,Critica
SOS-0103,-33.41592,138.16292,1854,14.9,Neblina,22,36,31,Montanha_Rochosa,Critica
SOS-0104,1.54272,153.99082,2608,9.6,Chuva_Forte,35,112,68,Montanha_Rochosa,Media
SOS-0105,73.36197,178.16682,5055,-21.2,Nevasca,16,88,26,Pico_Nevado,Critica
SOS-0106,-45.1274,-117.39771,2079,17.4,Ceu_Limpo,50,68,79,Floresta_Densa,Baixa
SOS-0107,-16.13107,-37.35287,2324,17.3,Ceu_Limpo,43,91,47,Montanha_Rochosa,Baixa
SOS-0108,45.9992,92.96585,4627,-9.4,Nevasca,17,57,38,Pico_Nevado,Media
SOS-0109,-48.81633,70.56742,1177,18.6,Ceu_Limpo,80,76,29,Montanha_Rochosa,Baixa
SOS-0110,-76.14362,-124.59747,1091,25.8,Ceu_Limpo,58,57,54,Corpo_D_Agua,Baixa
SOS-0111,-37.84474,113.69992,5997,-7.8,Ceu_Limpo,2,47,49,Pico_Nevado,Critica
SOS-0112,-60.98017,-99.20139,4979,-14.5,Ceu_Limpo,4,61,28,Pico_Nevado,Media
SOS-0113,77.34558,-99.42566,6357,-6.8,Ceu_Limpo,85,56,37,Pico_Nevado,Media
SOS-0114,55.46167,13.31079,5774,-18.0,Nevasca,39,144,52,Pico_Nevado,Critica
SOS-0115,24.01268,33.45838,2791,9.8,Chuva_Forte,98,126,70,Floresta_Densa,Media
SOS-0116,66.86291,28.83103,6356,-0.2,Nevasca,94,86,64,Pico_Nevado,Alta
SOS-0117,54.66097,-147.06474,6222,-17.2,Nevasca,6,81,63,Pico_Nevado,Critica
SOS-0118,-56.41739,135.88591,1749,18.0,Ceu_Limpo,81,75,28,Floresta_Densa,Baixa
SOS-0119,70.66062,-84.38398,2675,16.1,Ceu_Limpo,89,58,69,Montanha_Rochosa,Media
SOS-0120,7.0816,-133.37463,781,26.9,Ceu_Limpo,69,89,25,Corpo_D_Agua,Baixa
SOS-0121,55.33923,139.94931,3048,-23.3,Ceu_Limpo,69,111,21,Pico_Nevado,Media
SOS-0122,71.29643,164.03454,2105,12.4,Ceu_Limpo,20,102,44,Deserto,Media
SOS-0123,-32.75937,130.36594,3867,-24.8,Ceu_Limpo,64,85,61,Pico_Nevado,Alta
SOS-0124,-70.19065,111.42579,4976,-8.0,Nevasca,16,79,57,Montanha_Rochosa,Media
SOS-0125,-48.97167,55.88711,4542,-12.9,Nevasca,51,58,55,Pico_Nevado,Critica
SOS-0126,-13.1206,18.30865,2113,12.3,Ceu_Limpo,37,67,64,Montanha_Rochosa,Baixa
SOS-0127,57.24266,-148.68477,5879,0.9,Ceu_Limpo,73,71,47,Montanha_Rochosa,Media
SOS-0128,64.9315,-32.95684,5373,-10.7,Nevasca,69,137,61,Pico_Nevado,Critica
SOS-0129,-88.74862,-45.83213,3970,-18.5,Nevasca,42,111,65,Pico_Nevado,Critica
SOS-0130,1.93451,-86.48864,1991,16.7,Ceu_Limpo,57,56,65,Corpo_D_Agua,Baixa
SOS-0131,-14.86602,80.43124,1067,24.7,Ceu_Limpo,66,97,44,Montanha_Rochosa,Baixa
SOS-0132,-50.02059,-1.48474,1577,15.2,Chuva_Forte,9,76,38,Floresta_Densa,Alta
SOS-0133,-68.42423,-150.82336,1011,21.0,Neblina,100,109,69,Floresta_Densa,Media
SOS-0134,-29.22927,-100.73405,2274,17.9,Ceu_Limpo,86,114,37,Montanha_Rochosa,Baixa
SOS-0135,79.72375,65.97315,4869,-12.6,Ceu_Limpo,64,78,77,Pico_Nevado,Alta
SOS-0136,-31.82347,-152.59289,1814,18.4,Chuva_Forte,86,93,21,Deserto,Media
SOS-0137,3.38231,126.43449,2426,13.2,Neblina,22,95,28,Corpo_D_Agua,Critica
SOS-0138,36.54341,-1.74725,5297,-23.8,Ceu_Limpo,34,47,30,Montanha_Rochosa,Critica
SOS-0139,-24.54667,-6.98883,5546,-20.5,Nevasca,55,110,78,Pico_Nevado,Critica
SOS-0140,84.92077,33.2668,4402,-13.0,Nevasca,29,111,26,Pico_Nevado,Critica
SOS-0141,83.24051,116.88515,4874,-19.4,Ceu_Limpo,38,70,21,Pico_Nevado,Media
SOS-0142,-44.67919,-54.78869,2551,8.5,Ceu_Limpo,97,89,29,Floresta_Densa,Media
SOS-0143,-0.49527,64.08581,6411,-2.2,Nevasca,18,59,26,Pico_Nevado,Media
SOS-0144,-35.8419,23.66351,3657,1.5,Ceu_Limpo,71,61,30,Montanha_Rochosa,Media
SOS-0145,-38.72871,-83.86982,7,32.9,Neblina,65,130,65,Deserto,Media
SOS-0146,-83.36035,136.3068,2555,16.5,Neblina,97,88,43,Floresta_Densa,Media
SOS-0147,19.72158,107.07337,475,24.3,Ceu_Limpo,1,85,55,Montanha_Rochosa,Media
SOS-0148,0.48222,57.04266,5416,0.9,Chuva_Forte,88,127,59,Floresta_Densa,Media
SOS-0149,-80.73382,126.20942,2211,12.2,Ceu_Limpo,4,60,30,Floresta_Densa,Alta
SOS-0150,-39.84364,132.22591,484,31.3,Ceu_Limpo,4,152,56,Floresta_Densa,Critica
SOS-0151,73.48786,75.01067,5000,1.9,Neblina,82,88,45,Montanha_Rochosa,Media
SOS-0152,-46.87886,121.3248,4654,-5.8,Nevasca,27,79,75,Montanha_Rochosa,Alta
SOS-0153,-63.91892,71.08973,6063,1.5,Ceu_Limpo,43,93,36,Montanha_Rochosa,Media
SOS-0154,-1.8985,64.85068,2285,15.5,Chuva_Forte,59,65,41,Floresta_Densa,Media
SOS-0155,87.41708,42.7001,5223,-18.0,Ceu_Limpo,32,143,36,Montanha_Rochosa,Critica
SOS-0156,-46.43005,90.97799,5329,-13.2,Nevasca,33,40,66,Pico_Nevado,Critica
SOS-0157,30.9844,-122.90216,4563,-9.0,Nevasca,28,76,30,Pico_Nevado,Media
SOS-0158,47.09153,137.11347,3525,-23.0,Nevasca,55,69,30,Pico_Nevado,Critica
SOS-0159,-47.22524,133.86367,3339,-8.2,Nevasca,100,83,75,Pico_Nevado,Media
SOS-0160,41.07894,-169.47098,2822,16.0,Ceu_Limpo,60,103,45,Montanha_Rochosa,Media
SOS-0161,-23.79904,117.29403,4943,-19.9,Nevasca,70,76,70,Pico_Nevado,Critica
SOS-0162,23.81505,-133.60685,2924,13.4,Ceu_Limpo,62,59,19,Montanha_Rochosa,Media
SOS-0163,24.03535,-59.35721,258,32.4,Neblina,80,40,27,Corpo_D_Agua,Critica
SOS-0164,6.43944,87.66297,282,32.6,Neblina,34,39,79,Corpo_D_Agua,Critica
SOS-0165,-73.74784,-122.12644,5745,0.9,Neblina,87,85,39,Montanha_Rochosa,Media
SOS-0166,60.35445,114.46813,1898,17.6,Ceu_Limpo,88,69,30,Floresta_Densa,Baixa
SOS-0167,-32.25959,119.5683,4135,1.4,Neblina,56,138,75,Montanha_Rochosa,Critica
SOS-0168,-56.42667,2.68838,2976,12.7,Ceu_Limpo,13,136,26,Montanha_Rochosa,Critica
SOS-0169,-82.66047,-177.70109,2267,11.5,Ceu_Limpo,56,37,50,Floresta_Densa,Critica
SOS-0170,16.36073,-76.66627,3200,-12.1,Nevasca,18,56,31,Pico_Nevado,Critica
SOS-0171,31.96159,42.09369,5110,-5.6,Nevasca,54,95,78,Montanha_Rochosa,Alta
SOS-0172,-87.01419,173.22702,612,23.4,Chuva_Forte,77,59,65,Deserto,Media
SOS-0173,2.17675,47.45287,6011,-7.7,Nevasca,43,107,37,Montanha_Rochosa,Media
SOS-0174,-49.23076,-86.47071,687,27.1,Ceu_Limpo,39,140,32,Floresta_Densa,Critica
SOS-0175,26.1311,48.24205,3690,-20.6,Nevasca,61,81,49,Pico_Nevado,Critica
SOS-0176,-58.61404,14.39474,612,26.6,Ceu_Limpo,42,99,50,Floresta_Densa,Baixa
SOS-0177,34.36879,100.74434,2307,17.3,Chuva_Forte,81,41,34,Floresta_Densa,Critica
SOS-0178,-20.38764,-141.48697,3013,-11.5,Nevasca,79,125,41,Pico_Nevado,Critica
SOS-0179,78.6114,93.97004,1781,13.2,Neblina,18,88,47,Corpo_D_Agua,Critica
SOS-0180,-65.24623,14.85597,5906,-24.8,Ceu_Limpo,23,86,79,Montanha_Rochosa,Alta
SOS-0181,-28.60806,166.67712,2591,11.3,Ceu_Limpo,54,85,30,Montanha_Rochosa,Media
SOS-0182,-69.57477,-56.92602,2696,16.3,Ceu_Limpo,30,83,79,Montanha_Rochosa,Media
SOS-0183,76.44485,47.74388,5643,-18.8,Nevasca,98,112,76,Montanha_Rochosa,Critica
SOS-0184,67.92108,155.53012,6026,-7.9,Ceu_Limpo,58,58,64,Pico_Nevado,Alta
SOS-0185,-43.57051,-143.0965,3958,-19.0,Nevasca,68,110,65,Montanha_Rochosa,Critica
SOS-0186,28.79713,157.40226,5248,-16.3,Nevasca,67,106,33,Montanha_Rochosa,Critica
SOS-0187,57.1,67.63886,574,29.7,Ceu_Limpo,71,92,19,Montanha_Rochosa,Baixa
SOS-0188,9.93615,-155.57866,1910,19.6,Ceu_Limpo,18,81,34,Corpo_D_Agua,Media
SOS-0189,5.3371,-71.65312,5108,-22.4,Nevasca,7,151,49,Pico_Nevado,Critica
SOS-0190,-46.46659,74.94195,3604,-13.4,Ceu_Limpo,40,56,60,Pico_Nevado,Media
SOS-0191,-73.2415,-155.75378,669,20.8,Ceu_Limpo,70,45,25,Deserto,Critica
SOS-0192,71.49884,29.58137,4364,-12.0,Nevasca,86,113,69,Pico_Nevado,Critica
SOS-0193,72.07525,-55.4821,1283,23.1,Neblina,65,89,20,Floresta_Densa,Media
SOS-0194,23.95826,43.52959,923,20.0,Neblina,68,82,78,Corpo_D_Agua,Critica
SOS-0195,-28.97464,-163.53287,1125,20.4,Ceu_Limpo,49,79,29,Corpo_D_Agua,Baixa
SOS-0196,-27.14228,133.75325,1529,18.8,Ceu_Limpo,52,74,37,Montanha_Rochosa,Media
SOS-0197,40.67202,170.45603,5854,-0.2,Nevasca,29,37,33,Montanha_Rochosa,Critica
SOS-0198,71.47985,168.79603,1594,24.3,Neblina,21,48,31,Deserto,Critica
SOS-0199,69.67556,89.87466,246,23.8,Ceu_Limpo,90,64,33,Floresta_Densa,Baixa
SOS-0200,50.3776,-133.16895,3711,-4.5,Ceu_Limpo,78,36,76,Montanha_Rochosa,Critica
SOS-0201,25.5657,92.97475,1560,18.3,Chuva_Forte,9,92,70,Corpo_D_Agua,Critica
SOS-0202,-74.85481,-171.14871,6274,-14.4,Nevasca,47,64,66,Montanha_Rochosa,Critica
SOS-0203,-60.90683,-172.03552,2400,16.5,Ceu_Limpo,76,90,80,Montanha_Rochosa,Baixa
SOS-0204,71.73975,-63.50032,2243,19.2,Ceu_Limpo,42,103,79,Floresta_Densa,Baixa
SOS-0205,19.15723,-4.08845,3864,0.7,Ceu_Limpo,51,102,60,Floresta_Densa,Media
SOS-0206,-88.34453,97.34667,1939,17.8,Ceu_Limpo,56,64,66,Floresta_Densa,Baixa
SOS-0207,-71.73512,65.98634,5025,-15.4,Nevasca,51,80,68,Pico_Nevado,Critica
SOS-0208,29.43032,-19.47503,3069,-3.7,Ceu_Limpo,70,99,71,Pico_Nevado,Media
SOS-0209,-89.08891,-81.4944,226,26.0,Chuva_Forte,20,98,50,Floresta_Densa,Media
SOS-0210,-61.05455,178.96482,3547,-9.8,Ceu_Limpo,88,39,47,Montanha_Rochosa,Critica
SOS-0211,8.77208,-26.57473,264,26.8,Ceu_Limpo,27,136,76,Floresta_Densa,Critica
SOS-0212,34.54114,-17.50067,1395,22.3,Ceu_Limpo,38,39,29,Floresta_Densa,Critica
SOS-0213,27.35303,-121.09542,3557,-18.5,Nevasca,72,151,32,Pico_Nevado,Critica
SOS-0214,-49.63152,106.13144,5553,-19.8,Nevasca,65,70,35,Montanha_Rochosa,Critica
SOS-0215,38.19226,69.7256,645,29.9,Neblina,54,75,80,Montanha_Rochosa,Media
SOS-0216,-47.29516,-100.52294,6354,-22.3,Nevasca,24,81,45,Montanha_Rochosa,Critica
SOS-0217,-31.42805,-150.34282,5514,-11.3,Nevasca,47,112,79,Pico_Nevado,Critica
SOS-0218,44.36845,64.97975,5569,-19.0,Nevasca,71,92,40,Pico_Nevado,Critica
SOS-0219,26.93392,55.62404,2990,5.5,Chuva_Forte,83,65,31,Montanha_Rochosa,Media
SOS-0220,62.86021,-81.62657,5483,-24.0,Nevasca,86,87,47,Pico_Nevado,Critica
SOS-0221,28.37032,162.31088,1899,14.1,Neblina,63,92,50,Corpo_D_Agua,Critica
SOS-0222,12.29555,-125.61916,2504,17.0,Neblina,57,37,62,Montanha_Rochosa,Critica
SOS-0223,-73.13854,-24.35947,2772,9.3,Chuva_Forte,55,75,79,Montanha_Rochosa,Media
SOS-0224,-23.81116,159.70173,5345,0.7,Ceu_Limpo,60,74,32,Montanha_Rochosa,Media
SOS-0225,-42.26357,-28.89817,5077,-9.3,Nevasca,99,100,24,Pico_Nevado,Media
SOS-0226,-46.08186,49.86934,1154,21.7,Ceu_Limpo,62,111,32,Floresta_Densa,Baixa
SOS-0227,85.1419,-36.86602,587,26.9,Ceu_Limpo,30,63,69,Floresta_Densa,Baixa
SOS-0228,-19.24241,-81.28253,4571,-11.0,Nevasca,93,44,59,Montanha_Rochosa,Critica
SOS-0229,70.56838,174.23195,1821,20.4,Chuva_Forte,22,108,63,Deserto,Media
SOS-0230,23.60495,-32.63976,985,21.3,Chuva_Forte,75,140,55,Montanha_Rochosa,Critica
SOS-0231,53.06603,141.87571,4079,-15.5,Nevasca,84,142,63,Pico_Nevado,Critica
SOS-0232,0.47468,-97.21634,3348,-0.9,Nevasca,29,95,73,Montanha_Rochosa,Media
SOS-0233,13.8427,-103.28231,6299,0.6,Ceu_Limpo,41,70,74,Montanha_Rochosa,Alta
SOS-0234,-1.34682,-168.79173,3831,-0.9,Nevasca,42,102,71,Pico_Nevado,Alta
SOS-0235,-54.85626,54.60006,1241,20.9,Neblina,98,68,61,Montanha_Rochosa,Media
SOS-0236,40.04138,-47.33052,189,31.5,Ceu_Limpo,65,111,28,Floresta_Densa,Baixa
SOS-0237,-39.46097,131.16897,5536,-12.1,Nevasca,31,81,46,Pico_Nevado,Critica
SOS-0238,-85.62313,-9.64443,980,23.4,Ceu_Limpo,30,80,48,Floresta_Densa,Baixa
SOS-0239,26.18501,168.54963,1698,15.7,Neblina,18,103,79,Corpo_D_Agua,Critica
SOS-0240,-58.12008,-113.21081,1715,19.5,Chuva_Forte,17,82,42,Montanha_Rochosa,Media
SOS-0241,79.28255,132.70434,2593,9.6,Ceu_Limpo,38,83,69,Montanha_Rochosa,Media
SOS-0242,81.70714,99.57487,4136,-16.0,Nevasca,14,61,71,Pico_Nevado,Critica
SOS-0243,74.67559,97.53186,6450,-1.9,Ceu_Limpo,87,95,41,Pico_Nevado,Media
SOS-0244,-23.37143,124.12196,5038,-19.4,Ceu_Limpo,89,122,74,Pico_Nevado,Alta
SOS-0245,-87.21781,93.96864,4433,-23.1,Nevasca,79,107,36,Pico_Nevado,Critica
SOS-0246,77.09734,45.43932,5433,-23.1,Ceu_Limpo,56,77,19,Pico_Nevado,Media
SOS-0247,-12.92685,-132.75184,1098,27.1,Neblina,22,106,39,Floresta_Densa,Media
SOS-0248,83.99787,-168.29058,2326,14.6,Neblina,67,57,37,Floresta_Densa,Media
SOS-0249,83.4516,151.50523,3247,-13.9,Nevasca,56,112,50,Montanha_Rochosa,Critica
SOS-0250,63.5417,41.99411,895,27.1,Chuva_Forte,19,56,25,Floresta_Densa,Media
SOS-0251,-36.9992,106.75342,6416,-2.4,Nevasca,57,36,42,Pico_Nevado,Critica
SOS-0252,-20.68241,-6.65195,1674,17.2,Chuva_Forte,44,66,63,Corpo_D_Agua,Critica
SOS-0253,63.2046,-137.76905,2909,12.5,Chuva_Forte,98,74,26,Montanha_Rochosa,Media
SOS-0254,-32.95404,-134.93311,930,26.5,Chuva_Forte,35,102,51,Deserto,Media
SOS-0255,-59.49131,66.8035,4384,-7.3,Nevasca,1,55,74,Montanha_Rochosa,Alta
SOS-0256,10.22423,-25.08988,723,21.7,Chuva_Forte,52,55,40,Corpo_D_Agua,Critica
SOS-0257,78.50786,-107.8111,2940,14.2,Neblina,85,47,22,Floresta_Densa,Critica
SOS-0258,35.28536,-3.02596,6415,-10.4,Nevasca,93,101,72,Pico_Nevado,Critica
SOS-0259,12.61101,-156.88478,6049,-17.4,Ceu_Limpo,70,109,78,Pico_Nevado,Alta
SOS-0260,-72.50823,29.5097,1089,22.0,Chuva_Forte,37,142,42,Deserto,Critica
SOS-0261,20.7013,-83.16237,4578,-24.0,Ceu_Limpo,65,99,25,Pico_Nevado,Media
SOS-0262,88.20969,107.12128,935,20.0,Ceu_Limpo,51,55,33,Deserto,Baixa
SOS-0263,-64.78488,-68.26969,2295,17.4,Ceu_Limpo,1,44,71,Montanha_Rochosa,Critica
SOS-0264,3.29934,-16.12075,155,24.0,Neblina,91,82,65,Corpo_D_Agua,Critica
SOS-0265,67.92715,-175.81661,1070,22.0,Ceu_Limpo,21,136,62,Montanha_Rochosa,Critica
SOS-0266,43.33835,-153.91912,1958,17.2,Neblina,53,105,69,Deserto,Media
SOS-0267,35.46283,-38.70232,2501,8.9,Ceu_Limpo,16,136,78,Montanha_Rochosa,Critica
SOS-0268,36.44714,-7.22202,6344,1.3,Chuva_Forte,61,88,32,Montanha_Rochosa,Media
SOS-0269,-25.29159,36.0074,5779,-18.9,Nevasca,54,69,18,Pico_Nevado,Critica
SOS-0270,-37.15347,-75.00147,4219,-16.8,Nevasca,40,58,39,Montanha_Rochosa,Critica
SOS-0271,55.68501,70.19348,6144,-16.8,Nevasca,26,89,20,Pico_Nevado,Critica
SOS-0272,55.82041,129.64406,5063,-18.8,Nevasca,80,131,55,Pico_Nevado,Critica
SOS-0273,66.07302,100.74636,3830,-25.0,Nevasca,92,93,71,Pico_Nevado,Critica
SOS-0274,74.3833,-165.73722,854,26.6,Ceu_Limpo,65,104,31,Deserto,Baixa
SOS-0275,2.04163,-7.0175,639,30.4,Neblina,100,113,53,Floresta_Densa,Media
SOS-0276,0.27293,-142.22514,2238,12.3,Neblina,74,66,35,Floresta_Densa,Media
SOS-0277,53.69313,-92.86379,1602,21.0,Ceu_Limpo,64,80,64,Corpo_D_Agua,Media
SOS-0278,26.99351,175.19853,441,29.5,Chuva_Forte,43,135,58,Floresta_Densa,Critica
SOS-0279,36.35404,-128.7016,6040,-2.1,Nevasca,17,127,35,Pico_Nevado,Media
SOS-0280,53.24268,-0.40026,5934,-13.6,Nevasca,59,140,20,Pico_Nevado,Critica
SOS-0281,70.20096,42.53606,5925,-16.8,Ceu_Limpo,23,90,27,Pico_Nevado,Media
SOS-0282,-29.16087,72.88739,6286,-16.2,Ceu_Limpo,7,133,66,Pico_Nevado,Critica
SOS-0283,-22.39507,21.47353,4628,-5.8,Nevasca,44,110,56,Pico_Nevado,Media
SOS-0284,-73.08325,-176.48249,6370,-2.9,Ceu_Limpo,53,48,64,Pico_Nevado,Critica
SOS-0285,14.09043,-62.47393,1336,17.9,Ceu_Limpo,71,43,18,Floresta_Densa,Critica
SOS-0286,-83.53039,6.37619,3700,-15.0,Ceu_Limpo,79,70,44,Pico_Nevado,Media
SOS-0287,-6.19236,-148.36806,948,27.7,Ceu_Limpo,34,55,74,Floresta_Densa,Baixa
SOS-0288,7.67603,-53.7743,3373,-3.2,Nevasca,46,37,44,Pico_Nevado,Critica
SOS-0289,-38.42257,-168.04688,6115,1.6,Chuva_Forte,68,124,28,Montanha_Rochosa,Media
SOS-0290,16.34999,-151.71174,459,29.5,Chuva_Forte,78,107,66,Montanha_Rochosa,Media
SOS-0291,-84.50996,-37.10762,4646,-14.4,Nevasca,78,136,22,Montanha_Rochosa,Critica
SOS-0292,-83.27733,-132.22233,392,28.3,Neblina,16,76,24,Deserto,Media
SOS-0293,58.0681,24.31471,3938,-7.2,Nevasca,71,149,36,Montanha_Rochosa,Critica
SOS-0294,-25.16568,68.20739,1787,13.9,Chuva_Forte,96,39,74,Deserto,Critica
SOS-0295,-67.12911,108.21121,4940,-10.3,Nevasca,19,114,73,Pico_Nevado,Critica
SOS-0296,4.00379,-107.94591,2257,17.0,Ceu_Limpo,2,63,46,Deserto,Media
SOS-0297,48.59884,-119.70627,1138,19.1,Chuva_Forte,10,103,32,Floresta_Densa,Media
SOS-0298,-51.15222,-142.35558,3808,-3.9,Nevasca,50,134,52,Pico_Nevado,Critica
SOS-0299,22.12029,49.11489,4741,-9.2,Nevasca,81,89,64,Montanha_Rochosa,Alta
SOS-0300,-74.63746,74.33126,6362,0.7,Ceu_Limpo,12,140,54,Montanha_Rochosa,Critica
SOS-0301,-80.69729,-168.62899,2454,9.1,Ceu_Limpo,70,95,72,Floresta_Densa,Baixa
SOS-0302,5.64383,157.03641,1466,17.9,Chuva_Forte,22,91,29,Floresta_Densa,Media
SOS-0303,7.31432,-161.29034,3674,-8.8,Ceu_Limpo,32,58,47,Pico_Nevado,Media
SOS-0304,24.73738,14.86668,1377,18.8,Ceu_Limpo,84,61,37,Deserto,Baixa
SOS-0305,40.69644,75.26179,2597,14.8,Ceu_Limpo,1,132,54,Floresta_Densa,Critica
SOS-0306,85.65337,133.54888,141,31.7,Ceu_Limpo,54,71,20,Floresta_Densa,Baixa
SOS-0307,2.93406,77.0713,2659,8.3,Ceu_Limpo,58,44,26,Montanha_Rochosa,Critica
SOS-0308,-31.86783,108.62211,4596,-11.1,Nevasca,70,59,75,Pico_Nevado,Critica
SOS-0309,53.13352,-57.79793,839,24.5,Chuva_Forte,83,63,58,Montanha_Rochosa,Media
SOS-0310,-41.25019,113.33704,3618,-15.0,Nevasca,18,90,56,Pico_Nevado,Critica
SOS-0311,-10.98514,-151.15866,5778,0.2,Ceu_Limpo,6,43,43,Montanha_Rochosa,Critica
SOS-0312,-75.87785,142.134,5661,-2.7,Nevasca,45,83,19,Pico_Nevado,Media
SOS-0313,-85.43687,17.13326,6142,-6.2,Ceu_Limpo,97,68,40,Montanha_Rochosa,Media
SOS-0314,83.27671,114.2272,3917,-5.7,Ceu_Limpo,23,60,40,Montanha_Rochosa,Media
SOS-0315,60.47642,-17.16542,5626,-12.5,Nevasca,23,83,76,Pico_Nevado,Critica
SOS-0316,35.27536,51.68797,595,30.2,Ceu_Limpo,26,58,38,Floresta_Densa,Media
SOS-0317,-16.38847,9.50496,1904,19.3,Neblina,77,111,33,Montanha_Rochosa,Media
SOS-0318,-58.80702,83.37223,280,30.4,Neblina,7,41,26,Corpo_D_Agua,Critica
SOS-0319,-61.84133,-150.61321,423,30.8,Ceu_Limpo,79,134,30,Deserto,Critica
SOS-0320,-44.95628,-158.27325,4365,-17.6,Nevasca,44,104,45,Pico_Nevado,Critica
SOS-0321,8.8608,-91.04284,4249,-3.2,Nevasca,27,92,44,Pico_Nevado,Media
SOS-0322,38.62727,-122.56392,1750,15.3,Chuva_Forte,26,36,68,Deserto,Critica
SOS-0323,28.83553,133.84208,4757,-15.7,Nevasca,97,74,69,Montanha_Rochosa,Critica
SOS-0324,-39.6119,-101.08296,1967,15.2,Ceu_Limpo,79,79,34,Floresta_Densa,Baixa
SOS-0325,81.87575,171.31149,4088,1.4,Chuva_Forte,36,67,55,Montanha_Rochosa,Media
SOS-0326,42.82145,-58.71751,4178,-1.9,Nevasca,55,68,53,Montanha_Rochosa,Media
SOS-0327,9.78373,-114.43755,2946,12.4,Chuva_Forte,64,106,18,Montanha_Rochosa,Media
SOS-0328,20.10973,104.29146,1449,22.6,Ceu_Limpo,91,98,35,Montanha_Rochosa,Baixa
SOS-0329,-14.47199,57.1348,5394,-9.8,Nevasca,57,59,80,Pico_Nevado,Alta
SOS-0330,-45.40842,-0.64954,2331,18.9,Chuva_Forte,69,151,68,Corpo_D_Agua,Critica
SOS-0331,-25.92492,19.93088,5075,-11.6,Nevasca,61,96,26,Montanha_Rochosa,Critica
SOS-0332,46.4123,78.91264,2220,14.0,Neblina,2,123,30,Deserto,Media
SOS-0333,-87.40917,-97.75629,3789,-20.6,Nevasca,55,46,57,Pico_Nevado,Critica
SOS-0334,-69.10692,178.68021,2810,14.1,Ceu_Limpo,97,80,72,Montanha_Rochosa,Media
SOS-0335,-81.71952,170.92554,5755,-5.2,Ceu_Limpo,80,84,62,Pico_Nevado,Alta
SOS-0336,-82.66882,54.11725,5494,-14.6,Nevasca,87,36,32,Pico_Nevado,Critica
SOS-0337,63.98291,-108.16472,4728,-24.3,Ceu_Limpo,38,100,60,Montanha_Rochosa,Media
SOS-0338,36.65841,64.88217,1531,23.2,Ceu_Limpo,80,105,61,Deserto,Baixa
SOS-0339,-4.64871,-154.00857,4882,-24.7,Nevasca,78,143,63,Pico_Nevado,Critica
SOS-0340,-72.38985,-168.9651,2990,12.1,Ceu_Limpo,29,108,21,Montanha_Rochosa,Media
SOS-0341,-1.50914,-87.23416,4493,1.2,Ceu_Limpo,26,49,50,Montanha_Rochosa,Critica
SOS-0342,-4.77508,-13.45574,1143,21.8,Neblina,35,56,41,Floresta_Densa,Media
SOS-0343,-58.82366,132.5781,933,21.1,Neblina,79,133,53,Corpo_D_Agua,Critica
SOS-0344,-11.9067,81.78087,1460,22.3,Ceu_Limpo,67,112,68,Deserto,Baixa
SOS-0345,-18.26915,87.37435,5948,-2.9,Nevasca,87,44,58,Pico_Nevado,Critica
SOS-0346,20.85302,-26.8224,2723,12.3,Neblina,29,97,27,Floresta_Densa,Media
SOS-0347,24.31686,-55.4634,2512,17.9,Neblina,34,88,53,Montanha_Rochosa,Media
SOS-0348,-81.84528,-46.42605,285,23.6,Ceu_Limpo,97,61,37,Floresta_Densa,Baixa
SOS-0349,-22.56973,175.55384,264,28.3,Ceu_Limpo,41,123,79,Floresta_Densa,Baixa
SOS-0350,22.65478,-165.56069,2367,16.4,Ceu_Limpo,41,80,58,Corpo_D_Agua,Baixa
SOS-0351,0.56453,132.13134,3447,-1.7,Ceu_Limpo,23,78,62,Pico_Nevado,Media
SOS-0352,64.16817,28.32315,6232,-20.2,Nevasca,71,97,61,Montanha_Rochosa,Critica
SOS-0353,28.56485,-22.09845,5773,-3.4,Nevasca,3,103,28,Pico_Nevado,Media
SOS-0354,-60.6718,81.09276,5322,-10.1,Ceu_Limpo,58,103,29,Montanha_Rochosa,Media
SOS-0355,-77.29763,-4.79918,4916,-14.3,Nevasca,32,65,79,Pico_Nevado,Critica
SOS-0356,25.63547,134.43237,1762,14.6,Ceu_Limpo,31,80,35,Montanha_Rochosa,Baixa
SOS-0357,-85.22796,144.25267,3048,-1.6,Nevasca,82,142,47,Pico_Nevado,Critica
SOS-0358,15.4396,-28.18047,2381,10.7,Ceu_Limpo,43,84,61,Montanha_Rochosa,Baixa
SOS-0359,79.24144,-80.34199,2269,13.0,Ceu_Limpo,7,150,65,Floresta_Densa,Critica
SOS-0360,13.58535,33.24612,40,27.6,Chuva_Forte,1,111,54,Deserto,Media
SOS-0361,-20.12941,148.4508,5827,-1.5,Nevasca,61,105,80,Montanha_Rochosa,Alta
SOS-0362,25.79188,-104.16161,67,31.3,Chuva_Forte,14,79,37,Floresta_Densa,Media
SOS-0363,-7.51448,44.26797,987,26.4,Neblina,52,65,42,Floresta_Densa,Media
SOS-0364,8.21102,47.36168,5895,-18.2,Ceu_Limpo,96,62,29,Pico_Nevado,Media
SOS-0365,79.46367,83.92069,5717,-8.1,Nevasca,6,81,38,Montanha_Rochosa,Media
SOS-0366,-20.50153,-132.63563,4008,-9.6,Nevasca,10,44,42,Pico_Nevado,Critica
SOS-0367,83.0143,77.69699,5751,-2.5,Nevasca,71,73,28,Pico_Nevado,Media
SOS-0368,72.96312,147.25171,3198,-0.5,Nevasca,90,96,26,Pico_Nevado,Media
SOS-0369,-54.7576,-115.31408,5374,-24.7,Nevasca,98,114,79,Pico_Nevado,Critica
SOS-0370,-77.51497,-94.4844,4790,-6.8,Nevasca,30,73,67,Montanha_Rochosa,Alta
SOS-0371,-71.85996,169.70223,2524,8.7,Ceu_Limpo,100,87,79,Montanha_Rochosa,Media
SOS-0372,-86.72007,-114.8483,1085,23.3,Ceu_Limpo,21,143,80,Deserto,Critica
SOS-0373,-73.00027,127.57863,2479,11.3,Ceu_Limpo,60,86,42,Montanha_Rochosa,Baixa
SOS-0374,32.94122,-2.77997,1693,16.8,Chuva_Forte,81,125,52,Floresta_Densa,Media
SOS-0375,-77.18604,-90.99681,2315,13.1,Ceu_Limpo,97,107,69,Deserto,Baixa
SOS-0376,-32.58439,133.46996,5154,-8.2,Nevasca,74,80,49,Pico_Nevado,Media
SOS-0377,62.07756,-19.69011,778,23.2,Ceu_Limpo,63,69,66,Deserto,Baixa
SOS-0378,-85.81105,5.33425,4589,-5.2,Ceu_Limpo,42,87,31,Pico_Nevado,Media
SOS-0379,56.60433,-50.67599,1585,18.5,Neblina,51,87,18,Deserto,Media
SOS-0380,-39.26614,33.46231,1492,15.7,Ceu_Limpo,64,104,34,Floresta_Densa,Baixa
SOS-0381,-68.73033,-121.13141,5886,-3.8,Nevasca,76,44,42,Pico_Nevado,Critica
SOS-0382,35.41269,-39.21065,660,23.5,Ceu_Limpo,56,93,76,Corpo_D_Agua,Baixa
SOS-0383,23.20971,168.98844,1348,20.3,Ceu_Limpo,80,102,25,Floresta_Densa,Baixa
SOS-0384,67.94496,-87.07196,5423,-6.5,Nevasca,41,92,22,Montanha_Rochosa,Media
SOS-0385,42.31279,56.4252,1299,19.7,Neblina,32,60,22,Floresta_Densa,Media
SOS-0386,54.62657,-62.93158,3940,-23.5,Nevasca,15,92,58,Pico_Nevado,Critica
SOS-0387,-39.23378,98.45033,1986,15.5,Neblina,62,36,52,Floresta_Densa,Critica
SOS-0388,-58.06088,-132.88548,2044,20.8,Ceu_Limpo,27,62,36,Deserto,Media
SOS-0389,45.11066,169.13558,3516,-7.7,Nevasca,28,71,40,Pico_Nevado,Media
SOS-0390,55.23025,-16.63577,6024,-6.9,Ceu_Limpo,81,83,26,Pico_Nevado,Media
SOS-0391,88.29093,-95.02183,5443,-7.9,Nevasca,64,68,71,Pico_Nevado,Alta
SOS-0392,-15.72882,-153.54117,1058,19.9,Chuva_Forte,59,60,47,Deserto,Media
SOS-0393,-23.03674,-118.88715,976,22.7,Ceu_Limpo,58,66,67,Floresta_Densa,Baixa
SOS-0394,49.75433,7.11862,4577,-4.7,Nevasca,2,76,33,Montanha_Rochosa,Media
SOS-0395,-28.65536,-58.67886,727,21.2,Neblina,36,102,50,Montanha_Rochosa,Media
SOS-0396,77.53632,118.39801,2527,10.9,Ceu_Limpo,71,104,19,Montanha_Rochosa,Media
SOS-0397,64.5143,-24.88049,3136,-17.5,Ceu_Limpo,13,75,31,Pico_Nevado,Media
SOS-0398,-12.78108,-90.46286,5127,-13.3,Ceu_Limpo,15,107,63,Pico_Nevado,Alta
SOS-0399,45.15679,42.1722,342,32.5,Chuva_Forte,89,63,18,Floresta_Densa,Media
SOS-0400,45.81772,74.4398,1447,16.0,Chuva_Forte,87,122,43,Deserto,Media
SOS-0401,-71.4377,-119.86491,2379,14.3,Chuva_Forte,60,88,75,Deserto,Media
SOS-0402,72.45952,-119.65708,3659,-20.2,Ceu_Limpo,22,88,42,Pico_Nevado,Media
SOS-0403,0.94543,-166.79829,6317,1.2,Ceu_Limpo,63,123,33,Montanha_Rochosa,Media
SOS-0404,58.76234,85.10473,526,22.6,Ceu_Limpo,90,42,32,Floresta_Densa,Critica
SOS-0405,-32.39107,58.96963,1896,16.4,Chuva_Forte,97,109,43,Floresta_Densa,Media
SOS-0406,71.19418,-9.13288,4754,-5.1,Nevasca,75,103,64,Montanha_Rochosa,Alta
SOS-0407,-19.9437,123.90136,2073,18.2,Ceu_Limpo,74,72,61,Corpo_D_Agua,Media
SOS-0408,-88.04922,110.04126,4915,-13.6,Nevasca,25,106,33,Montanha_Rochosa,Critica
SOS-0409,72.96876,30.72757,405,25.8,Chuva_Forte,48,57,31,Floresta_Densa,Media
SOS-0410,-73.5684,132.57766,6375,-14.3,Ceu_Limpo,43,150,46,Pico_Nevado,Critica
SOS-0411,-32.52355,-105.89716,1573,17.2,Ceu_Limpo,38,55,41,Floresta_Densa,Baixa
SOS-0412,81.01115,-139.70894,5907,-19.5,Ceu_Limpo,41,83,64,Pico_Nevado,Alta
SOS-0413,81.10929,-82.89014,4600,-12.0,Nevasca,45,67,72,Pico_Nevado,Critica
SOS-0414,13.21882,-159.44873,3740,-17.7,Ceu_Limpo,88,91,32,Montanha_Rochosa,Media
SOS-0415,23.7307,11.22103,4274,-17.2,Nevasca,40,144,36,Montanha_Rochosa,Critica
SOS-0416,-9.27981,157.17805,4227,-7.3,Ceu_Limpo,97,90,25,Pico_Nevado,Media
SOS-0417,-37.22206,-165.83633,1846,22.4,Ceu_Limpo,17,112,51,Corpo_D_Agua,Media
SOS-0418,-30.84038,-136.04043,1478,21.2,Neblina,88,135,19,Floresta_Densa,Critica
SOS-0419,31.05332,-17.20835,2395,9.8,Ceu_Limpo,57,96,44,Montanha_Rochosa,Baixa
SOS-0420,45.42742,156.19501,771,20.6,Neblina,2,70,27,Floresta_Densa,Alta
SOS-0421,52.48423,-66.1838,5525,0.7,Neblina,96,86,52,Floresta_Densa,Media
SOS-0422,52.13127,2.60453,6219,-17.0,Nevasca,62,56,40,Pico_Nevado,Critica
SOS-0423,-73.5829,-165.03377,578,22.1,Ceu_Limpo,88,56,66,Floresta_Densa,Baixa
SOS-0424,-1.00435,-126.59645,2901,11.7,Chuva_Forte,9,105,25,Floresta_Densa,Alta
SOS-0425,-79.63942,175.18684,5611,-8.2,Nevasca,68,83,45,Pico_Nevado,Media
SOS-0426,8.9152,167.44273,193,30.2,Neblina,81,134,40,Corpo_D_Agua,Critica
SOS-0427,-10.52451,-178.22161,2007,14.3,Ceu_Limpo,17,102,21,Corpo_D_Agua,Media
SOS-0428,69.78675,162.65224,1185,17.3,Ceu_Limpo,50,37,31,Floresta_Densa,Critica
SOS-0429,-26.8353,50.08318,2394,18.7,Neblina,94,72,80,Corpo_D_Agua,Critica
SOS-0430,-68.92794,132.45059,2998,7.5,Chuva_Forte,40,77,70,Montanha_Rochosa,Media
SOS-0431,-64.2615,-16.29365,5480,-6.7,Ceu_Limpo,58,121,59,Montanha_Rochosa,Media
SOS-0432,47.07191,5.61457,1792,20.1,Ceu_Limpo,75,96,46,Floresta_Densa,Baixa
SOS-0433,21.27925,-4.01523,1110,23.7,Chuva_Forte,85,148,18,Montanha_Rochosa,Critica
SOS-0434,-71.79792,60.07113,4005,-16.6,Nevasca,21,113,21,Pico_Nevado,Critica
SOS-0435,-74.86077,-129.72555,2261,12.6,Chuva_Forte,18,38,80,Floresta_Densa,Critica
SOS-0436,36.17444,-169.20951,3736,-8.9,Nevasca,55,132,49,Pico_Nevado,Critica
SOS-0437,-76.90266,-69.14522,3793,-1.6,Nevasca,29,142,50,Pico_Nevado,Critica
SOS-0438,57.93481,73.68507,1936,21.6,Ceu_Limpo,24,59,66,Floresta_Densa,Media
SOS-0439,37.1236,-107.33276,4875,-22.1,Nevasca,74,65,43,Montanha_Rochosa,Critica
SOS-0440,-75.35722,62.43568,4357,-20.8,Ceu_Limpo,17,147,34,Pico_Nevado,Critica
SOS-0441,-74.72921,169.16834,729,29.6,Ceu_Limpo,18,144,56,Floresta_Densa,Critica
SOS-0442,87.59512,-146.19574,4378,-5.1,Nevasca,42,93,40,Pico_Nevado,Media
SOS-0443,-22.63126,62.13676,5586,-1.2,Nevasca,84,91,49,Montanha_Rochosa,Media
SOS-0444,-23.28441,-20.24992,3451,-19.5,Nevasca,45,114,69,Montanha_Rochosa,Critica
SOS-0445,56.30392,132.53121,4457,-9.1,Ceu_Limpo,82,41,32,Pico_Nevado,Critica
SOS-0446,80.50474,-116.22608,4536,-6.1,Nevasca,17,94,30,Pico_Nevado,Media
SOS-0447,87.48019,69.34534,2140,17.5,Ceu_Limpo,73,89,77,Floresta_Densa,Media
SOS-0448,45.60807,121.7215,1644,18.1,Ceu_Limpo,14,39,19,Floresta_Densa,Critica
SOS-0449,-22.27327,160.06112,2800,6.5,Chuva_Forte,49,59,77,Montanha_Rochosa,Media
SOS-0450,-74.96987,65.96929,4962,-9.3,Ceu_Limpo,29,75,36,Pico_Nevado,Media
SOS-0451,49.88644,-1.01708,5543,-18.2,Nevasca,95,92,41,Pico_Nevado,Critica
SOS-0452,10.51276,42.42501,141,28.6,Chuva_Forte,4,79,62,Corpo_D_Agua,Critica
SOS-0453,-13.64004,132.80579,5410,0.9,Ceu_Limpo,82,86,41,Montanha_Rochosa,Media
SOS-0454,73.14379,25.41951,1455,19.3,Ceu_Limpo,20,123,28,Montanha_Rochosa,Media
SOS-0455,-69.98445,-169.06066,5971,-2.3,Ceu_Limpo,47,105,76,Montanha_Rochosa,Alta
SOS-0456,-1.32748,155.14153,5943,-19.9,Nevasca,9,73,39,Pico_Nevado,Critica
SOS-0457,-87.95634,68.22963,5808,-6.8,Nevasca,77,79,32,Pico_Nevado,Media
SOS-0458,-5.64108,63.54482,4796,1.4,Ceu_Limpo,79,37,27,Montanha_Rochosa,Critica
SOS-0459,-79.86541,-102.35695,5093,-22.2,Nevasca,27,59,58,Pico_Nevado,Critica
SOS-0460,-68.61278,57.19877,2096,11.1,Ceu_Limpo,15,93,44,Deserto,Media
SOS-0461,-68.84528,-38.20881,1325,20.5,Ceu_Limpo,92,101,77,Corpo_D_Agua,Baixa
SOS-0462,26.85785,54.44387,4976,-22.5,Nevasca,19,46,26,Montanha_Rochosa,Critica
SOS-0463,44.28808,-141.62651,1213,24.4,Ceu_Limpo,90,85,69,Montanha_Rochosa,Baixa
SOS-0464,15.00638,56.82431,1159,26.4,Chuva_Forte,52,153,45,Floresta_Densa,Critica
SOS-0465,83.19106,179.78894,4650,-13.3,Nevasca,26,140,18,Pico_Nevado,Critica
SOS-0466,-22.5233,-162.64367,4499,-18.0,Nevasca,89,104,34,Pico_Nevado,Critica
SOS-0467,-38.57182,171.78271,4987,-13.3,Nevasca,26,67,48,Pico_Nevado,Critica
SOS-0468,66.34784,-33.51313,4697,-5.5,Ceu_Limpo,26,93,61,Pico_Nevado,Alta
SOS-0469,-49.75275,133.47124,5926,-24.8,Nevasca,46,86,27,Pico_Nevado,Critica
SOS-0470,83.38006,101.65877,340,28.6,Neblina,92,102,80,Montanha_Rochosa,Media
SOS-0471,-87.81219,24.12585,3828,-8.4,Nevasca,49,63,54,Pico_Nevado,Media
SOS-0472,84.57819,85.84172,1968,18.3,Chuva_Forte,82,41,79,Corpo_D_Agua,Critica
SOS-0473,-82.23122,136.2656,703,22.7,Chuva_Forte,96,47,46,Deserto,Critica
SOS-0474,70.40576,-34.50948,4413,-5.7,Nevasca,53,86,35,Pico_Nevado,Media
SOS-0475,4.9862,-62.26806,5482,-22.5,Nevasca,3,90,64,Pico_Nevado,Critica
SOS-0476,88.73366,60.33362,2429,10.8,Chuva_Forte,66,39,55,Montanha_Rochosa,Critica
SOS-0477,-76.71662,110.82454,6376,-1.3,Nevasca,97,130,56,Pico_Nevado,Media
SOS-0478,9.69377,94.42265,1800,20.4,Neblina,42,103,66,Corpo_D_Agua,Critica
SOS-0479,84.47446,107.21291,5463,-24.6,Nevasca,19,58,23,Pico_Nevado,Critica
SOS-0480,4.15761,-23.19001,5668,-18.3,Nevasca,17,114,57,Pico_Nevado,Critica
SOS-0481,23.29175,114.42032,4912,-19.2,Ceu_Limpo,33,89,29,Montanha_Rochosa,Media
SOS-0482,35.23476,-136.72474,4648,-17.7,Nevasca,76,138,70,Pico_Nevado,Critica
SOS-0483,-8.18261,16.01608,855,21.8,Chuva_Forte,49,107,31,Montanha_Rochosa,Media
SOS-0484,22.96045,-177.92688,1812,13.5,Chuva_Forte,56,35,61,Corpo_D_Agua,Critica
SOS-0485,15.17658,-63.1491,2866,10.5,Neblina,63,39,72,Montanha_Rochosa,Critica
SOS-0486,72.20844,-48.07385,3642,-5.2,Ceu_Limpo,3,111,27,Pico_Nevado,Media
SOS-0487,-81.81965,-37.37783,182,29.9,Chuva_Forte,49,112,71,Floresta_Densa,Media
SOS-0488,-39.42663,70.36819,3112,-6.8,Nevasca,55,74,37,Pico_Nevado,Media
SOS-0489,81.07407,-40.11908,5670,-22.8,Ceu_Limpo,26,107,32,Montanha_Rochosa,Media
SOS-0490,70.24748,-18.4703,4492,0.7,Ceu_Limpo,99,67,48,Montanha_Rochosa,Media
SOS-0491,-7.98178,-94.48411,5823,-2.4,Nevasca,72,100,24,Pico_Nevado,Media
SOS-0492,21.62387,-45.62936,1517,22.9,Ceu_Limpo,52,42,75,Corpo_D_Agua,Critica
SOS-0493,-40.07139,-98.18293,5002,-2.8,Nevasca,100,87,58,Pico_Nevado,Media
SOS-0494,-56.13819,-153.64947,1356,25.3,Chuva_Forte,7,108,27,Floresta_Densa,Alta
SOS-0495,-6.53429,37.24149,2174,15.9,Chuva_Forte,46,81,27,Floresta_Densa,Media
SOS-0496,-26.3966,60.55661,3629,-19.6,Nevasca,46,110,65,Pico_Nevado,Critica
SOS-0497,15.0581,43.01652,3628,-8.3,Nevasca,100,74,78,Pico_Nevado,Alta
SOS-0498,-76.00777,-13.14214,4096,-4.9,Ceu_Limpo,16,64,56,Pico_Nevado,Media
SOS-0499,85.39107,-43.27712,3239,-5.1,Nevasca,24,141,45,Pico_Nevado,Critica
SOS-0500,87.51793,130.80011,3691,-10.9,Nevasca,61,44,47,Pico_Nevado,Critica
SOS-0501,35.66911,6.86944,18,25.6,Chuva_Forte,54,150,54,Floresta_Densa,Critica
SOS-0502,6.49735,-7.49452,3403,-15.0,Nevasca,62,70,72,Montanha_Rochosa,Critica
SOS-0503,-34.28503,-170.76886,4679,-0.1,Nevasca,1,89,20,Pico_Nevado,Media
SOS-0504,56.4831,-57.15078,4551,-9.2,Nevasca,49,94,67,Pico_Nevado,Alta
SOS-0505,33.25161,-43.12958,3004,-10.5,Ceu_Limpo,25,37,60,Pico_Nevado,Critica
SOS-0506,-60.72895,-36.4238,6132,-17.7,Ceu_Limpo,10,104,32,Pico_Nevado,Media
SOS-0507,73.96689,28.86205,1132,21.1,Chuva_Forte,80,102,38,Montanha_Rochosa,Media
SOS-0508,58.0567,12.09692,3339,-0.8,Nevasca,16,95,69,Pico_Nevado,Media
SOS-0509,80.96398,38.84583,3311,-7.0,Nevasca,58,81,54,Montanha_Rochosa,Media
SOS-0510,40.62951,95.35797,6048,-3.7,Ceu_Limpo,72,56,73,Montanha_Rochosa,Alta
SOS-0511,20.41474,112.67487,3372,-12.7,Ceu_Limpo,29,39,29,Pico_Nevado,Critica
SOS-0512,-14.71625,78.52431,6246,-8.0,Nevasca,92,37,21,Pico_Nevado,Critica
SOS-0513,77.89113,163.98853,987,20.9,Ceu_Limpo,6,93,64,Deserto,Media
SOS-0514,65.8915,-173.43627,3321,-6.0,Ceu_Limpo,16,55,26,Pico_Nevado,Media
SOS-0515,-81.86064,-109.51993,4615,-13.5,Nevasca,20,99,56,Pico_Nevado,Critica
SOS-0516,-85.25394,-177.27737,4954,-13.1,Nevasca,80,69,59,Pico_Nevado,Critica
SOS-0517,-22.23659,53.0909,173,30.3,Ceu_Limpo,71,111,78,Floresta_Densa,Baixa
SOS-0518,55.8996,143.291,5462,0.3,Chuva_Forte,78,127,45,Montanha_Rochosa,Media
SOS-0519,87.7097,-92.34637,3741,-23.3,Ceu_Limpo,43,112,40,Pico_Nevado,Media
SOS-0520,-62.92496,153.73244,3052,-2.7,Ceu_Limpo,26,113,80,Montanha_Rochosa,Media
SOS-0521,16.94353,-158.30374,726,23.1,Chuva_Forte,90,96,62,Floresta_Densa,Media
SOS-0522,-21.43965,156.39697,3760,-13.0,Nevasca,78,68,78,Montanha_Rochosa,Critica
SOS-0523,84.58459,-53.41583,5806,-24.4,Nevasca,71,112,57,Pico_Nevado,Critica
SOS-0524,61.58141,-143.4885,1875,15.5,Chuva_Forte,33,147,61,Floresta_Densa,Critica
SOS-0525,60.89917,-5.08617,5777,-11.4,Nevasca,26,86,39,Pico_Nevado,Critica
SOS-0526,-5.63523,-87.56044,4033,-23.5,Nevasca,45,48,41,Pico_Nevado,Critica
SOS-0527,-15.33249,-77.44576,5443,-11.7,Nevasca,84,80,68,Pico_Nevado,Critica
SOS-0528,-40.78673,-69.37561,989,27.7,Ceu_Limpo,63,89,75,Corpo_D_Agua,Baixa
SOS-0529,-79.85241,109.08932,3744,-22.2,Nevasca,67,74,43,Montanha_Rochosa,Critica
SOS-0530,65.65003,14.09806,2686,14.7,Ceu_Limpo,52,76,47,Montanha_Rochosa,Media
SOS-0531,56.32218,-67.92923,419,26.3,Ceu_Limpo,68,39,50,Corpo_D_Agua,Critica
SOS-0532,89.94918,39.72016,593,27.6,Ceu_Limpo,26,45,33,Montanha_Rochosa,Critica
SOS-0533,89.39463,77.81424,1774,15.8,Neblina,75,85,39,Deserto,Media
SOS-0534,9.97771,-81.85536,2459,10.2,Ceu_Limpo,2,93,66,Corpo_D_Agua,Media
SOS-0535,48.41773,-31.12232,935,20.4,Chuva_Forte,14,77,74,Floresta_Densa,Media
SOS-0536,80.05783,-136.12101,5203,-23.1,Ceu_Limpo,30,49,79,Montanha_Rochosa,Critica
SOS-0537,62.93653,-114.78623,5232,-20.0,Ceu_Limpo,49,91,67,Pico_Nevado,Alta
SOS-0538,-45.47734,65.20243,3808,-7.1,Nevasca,12,149,60,Pico_Nevado,Critica
SOS-0539,-8.90206,-114.68219,331,31.6,Neblina,90,80,35,Floresta_Densa,Media
SOS-0540,-66.75131,9.05882,3449,-3.0,Nevasca,44,74,24,Montanha_Rochosa,Media
SOS-0541,81.72918,75.25665,2702,13.8,Ceu_Limpo,33,38,67,Montanha_Rochosa,Critica
SOS-0542,19.11143,-141.52431,6184,-22.0,Nevasca,13,92,43,Montanha_Rochosa,Critica
SOS-0543,-48.8443,24.2324,4006,-17.2,Nevasca,78,80,25,Pico_Nevado,Critica
SOS-0544,30.90612,-87.6374,5889,-16.6,Nevasca,88,82,23,Montanha_Rochosa,Critica
SOS-0545,21.26308,166.65368,5054,-18.3,Nevasca,98,113,47,Pico_Nevado,Critica
SOS-0546,-25.53071,-5.92357,3868,-11.1,Nevasca,26,65,56,Pico_Nevado,Critica
SOS-0547,-69.55963,110.15732,4200,-10.5,Nevasca,21,109,40,Montanha_Rochosa,Critica
SOS-0548,30.88318,18.08156,201,27.2,Ceu_Limpo,28,48,49,Corpo_D_Agua,Critica
SOS-0549,3.65539,-164.37149,2497,11.9,Chuva_Forte,48,89,39,Corpo_D_Agua,Critica
SOS-0550,49.01731,47.9345,1842,21.0,Chuva_Forte,100,65,59,Floresta_Densa,Media
SOS-0551,3.62943,162.5052,1866,20.5,Chuva_Forte,40,66,60,Floresta_Densa,Media
SOS-0552,63.39267,36.58026,1996,14.8,Chuva_Forte,66,134,74,Floresta_Densa,Critica
SOS-0553,9.34323,114.90799,5385,-0.3,Ceu_Limpo,73,65,62,Pico_Nevado,Alta
SOS-0554,10.96883,138.31433,909,28.5,Ceu_Limpo,87,39,26,Floresta_Densa,Critica
SOS-0555,67.79765,-97.89128,4305,-16.2,Ceu_Limpo,79,69,48,Pico_Nevado,Media
SOS-0556,-17.37308,-103.66386,4658,-15.4,Nevasca,77,142,24,Pico_Nevado,Critica
SOS-0557,-65.87726,39.95316,3189,-11.3,Nevasca,23,106,26,Pico_Nevado,Critica
SOS-0558,-84.81912,-32.02975,5659,0.4,Ceu_Limpo,81,104,30,Montanha_Rochosa,Media
SOS-0559,45.92471,122.35007,770,28.6,Ceu_Limpo,48,59,75,Floresta_Densa,Baixa
SOS-0560,21.65572,144.00832,3155,-22.2,Nevasca,2,68,20,Pico_Nevado,Critica
SOS-0561,36.73436,-52.7683,2501,12.3,Chuva_Forte,84,111,52,Floresta_Densa,Media
SOS-0562,-51.66645,-94.7266,2714,12.4,Neblina,20,91,50,Montanha_Rochosa,Media
SOS-0563,-65.45313,100.98919,4724,-11.4,Nevasca,59,72,38,Montanha_Rochosa,Critica
SOS-0564,-87.38196,-81.06983,3585,-19.8,Nevasca,46,37,48,Montanha_Rochosa,Critica
SOS-0565,-26.89424,116.14115,1628,22.7,Neblina,3,71,69,Deserto,Media
SOS-0566,16.18518,-27.45423,5797,-6.7,Nevasca,55,88,51,Pico_Nevado,Media
SOS-0567,-19.39607,60.31796,386,30.8,Ceu_Limpo,12,68,49,Montanha_Rochosa,Media
SOS-0568,-11.25451,-145.60729,6031,-1.8,Nevasca,40,90,74,Montanha_Rochosa,Alta
SOS-0569,72.74857,44.58936,3421,-4.8,Nevasca,66,56,52,Pico_Nevado,Media
SOS-0570,-27.31402,-17.36364,6439,-13.1,Nevasca,100,77,32,Pico_Nevado,Critica
SOS-0571,2.51811,31.17905,6401,-8.5,Nevasca,78,86,73,Pico_Nevado,Alta
SOS-0572,51.05754,-119.51489,5200,-20.7,Nevasca,16,46,49,Pico_Nevado,Critica
SOS-0573,-18.6223,85.27455,4008,-6.8,Nevasca,83,84,23,Pico_Nevado,Media
SOS-0574,21.97561,130.60695,4093,-20.2,Nevasca,34,100,79,Pico_Nevado,Critica
SOS-0575,65.22547,-101.97367,4363,-6.3,Nevasca,44,78,62,Pico_Nevado,Alta
SOS-0576,80.91371,-145.54276,2466,10.9,Chuva_Forte,6,138,38,Corpo_D_Agua,Critica
SOS-0577,-63.52677,-171.49011,2282,11.0,Neblina,77,42,50,Floresta_Densa,Critica
SOS-0578,76.78577,51.10974,1856,14.3,Ceu_Limpo,64,88,49,Deserto,Baixa
SOS-0579,-1.41907,38.55385,1998,11.7,Ceu_Limpo,100,69,69,Montanha_Rochosa,Baixa
SOS-0580,-43.51601,16.81107,5476,-5.6,Nevasca,22,108,36,Pico_Nevado,Media
SOS-0581,-7.35556,-96.49905,1236,24.1,Ceu_Limpo,18,138,50,Floresta_Densa,Critica
SOS-0582,86.40586,-39.27384,4669,-11.1,Nevasca,12,111,45,Pico_Nevado,Critica
SOS-0583,-1.32874,34.01148,4144,-20.6,Nevasca,52,94,48,Pico_Nevado,Critica
SOS-0584,-30.82471,-1.16393,1150,18.2,Neblina,94,77,38,Deserto,Media
SOS-0585,24.01215,175.60279,4318,-24.5,Ceu_Limpo,51,65,71,Montanha_Rochosa,Alta
SOS-0586,-46.77379,-130.88169,1431,17.1,Chuva_Forte,71,89,51,Floresta_Densa,Media
SOS-0587,-76.3446,70.25204,5624,-0.9,Ceu_Limpo,96,96,32,Montanha_Rochosa,Media
SOS-0588,-66.80165,-34.44524,1819,15.3,Ceu_Limpo,48,72,31,Floresta_Densa,Baixa
SOS-0589,-66.95175,-25.84814,2324,13.0,Chuva_Forte,19,82,36,Deserto,Media
SOS-0590,-62.65752,78.3352,5557,-22.2,Nevasca,6,44,60,Pico_Nevado,Critica
SOS-0591,-65.01111,69.27701,1130,19.7,Ceu_Limpo,84,107,79,Montanha_Rochosa,Baixa
SOS-0592,25.35745,176.85216,5777,-11.0,Ceu_Limpo,27,81,32,Pico_Nevado,Media
SOS-0593,-57.26158,-133.77806,2658,13.4,Chuva_Forte,53,87,23,Montanha_Rochosa,Media
SOS-0594,-27.77989,-142.52053,3500,-18.4,Nevasca,48,84,69,Montanha_Rochosa,Critica
SOS-0595,71.42191,80.76197,374,23.1,Neblina,7,101,26,Floresta_Densa,Alta
SOS-0596,-4.6869,28.21929,2120,14.8,Ceu_Limpo,59,39,54,Floresta_Densa,Critica
SOS-0597,30.16039,-81.30216,4020,-18.7,Nevasca,69,94,37,Montanha_Rochosa,Critica
SOS-0598,-58.98242,-151.40903,2021,13.7,Ceu_Limpo,11,148,51,Floresta_Densa,Critica
SOS-0599,-55.38798,-149.16303,3705,0.9,Chuva_Forte,15,39,55,Montanha_Rochosa,Critica
SOS-0600,-82.64365,141.90871,5149,-8.4,Ceu_Limpo,64,124,43,Pico_Nevado,Media
SOS-0601,-59.59169,-110.92776,3259,-10.0,Nevasca,3,46,35,Pico_Nevado,Critica
SOS-0602,-39.85374,-63.58624,3435,-13.8,Nevasca,69,61,45,Pico_Nevado,Critica
SOS-0603,-58.13811,-98.4037,1889,16.7,Ceu_Limpo,23,59,78,Floresta_Densa,Media
SOS-0604,-74.03354,-52.20133,1823,18.3,Chuva_Forte,53,85,72,Floresta_Densa,Media
SOS-0605,-68.28554,-155.00742,1474,22.1,Ceu_Limpo,37,112,68,Corpo_D_Agua,Baixa
SOS-0606,-7.05982,6.86152,2242,17.1,Ceu_Limpo,9,102,26,Montanha_Rochosa,Media
SOS-0607,-52.85993,-155.65948,5275,-20.4,Ceu_Limpo,15,94,49,Montanha_Rochosa,Media
SOS-0608,-24.43143,108.12834,3243,-11.5,Nevasca,3,61,76,Pico_Nevado,Critica
SOS-0609,0.61511,-95.86365,5160,-13.9,Nevasca,93,61,70,Pico_Nevado,Critica
SOS-0610,34.27107,14.40429,3134,-1.5,Nevasca,70,44,73,Montanha_Rochosa,Critica
SOS-0611,-82.92381,136.82847,2070,17.5,Neblina,17,63,76,Corpo_D_Agua,Critica
SOS-0612,53.89387,54.31585,359,27.9,Ceu_Limpo,26,72,23,Floresta_Densa,Media
SOS-0613,23.02207,11.8648,2041,12.5,Ceu_Limpo,21,145,31,Montanha_Rochosa,Critica
SOS-0614,-75.28337,-63.23985,1141,23.4,Ceu_Limpo,72,98,45,Deserto,Baixa
SOS-0615,67.24415,-60.11931,1635,15.3,Chuva_Forte,21,93,75,Deserto,Media
SOS-0616,75.75703,61.0153,5499,-15.9,Nevasca,11,136,41,Montanha_Rochosa,Critica
SOS-0617,-79.00597,177.89017,4000,-21.1,Nevasca,38,64,78,Pico_Nevado,Critica
SOS-0618,-40.16202,58.26211,1943,19.0,Neblina,72,105,30,Floresta_Densa,Media
SOS-0619,55.11623,20.80203,4774,-19.4,Nevasca,88,46,60,Pico_Nevado,Critica
SOS-0620,44.68674,83.03418,3361,-14.4,Nevasca,35,101,29,Pico_Nevado,Critica
SOS-0621,-56.78622,-12.52598,2980,14.1,Ceu_Limpo,14,102,68,Montanha_Rochosa,Media
SOS-0622,-52.31712,-158.34876,6,27.0,Ceu_Limpo,14,150,36,Deserto,Critica
SOS-0623,-23.31502,22.42685,3267,-11.3,Ceu_Limpo,10,91,38,Montanha_Rochosa,Media
SOS-0624,-2.78586,164.7451,1591,18.6,Ceu_Limpo,12,65,44,Corpo_D_Agua,Media
SOS-0625,21.28586,-116.89094,4928,-24.5,Nevasca,38,66,75,Montanha_Rochosa,Critica
SOS-0626,-23.59554,68.40176,3264,-3.6,Nevasca,34,97,36,Montanha_Rochosa,Media
SOS-0627,-6.74375,-107.66387,2606,8.3,Ceu_Limpo,41,98,41,Montanha_Rochosa,Media
SOS-0628,44.54477,12.89797,3219,-12.2,Nevasca,10,84,43,Pico_Nevado,Critica
SOS-0629,-83.39702,-145.19648,5906,-9.9,Nevasca,17,101,62,Pico_Nevado,Alta
SOS-0630,-44.56135,-17.86646,3273,-8.0,Ceu_Limpo,17,35,45,Pico_Nevado,Critica
SOS-0631,38.40293,92.2188,913,25.8,Neblina,67,98,63,Floresta_Densa,Media
SOS-0632,71.13723,-54.87425,2011,14.1,Chuva_Forte,62,91,73,Floresta_Densa,Media
SOS-0633,2.10194,59.36822,1442,15.5,Neblina,95,87,35,Floresta_Densa,Media
SOS-0634,5.78043,106.36199,5546,-5.5,Nevasca,1,98,61,Pico_Nevado,Alta
SOS-0635,-70.70904,153.78402,3054,-10.5,Nevasca,12,99,53,Montanha_Rochosa,Critica
SOS-0636,-9.46577,-95.52885,5598,-2.4,Nevasca,4,81,59,Pico_Nevado,Media
SOS-0637,5.87111,-36.24627,3546,-2.8,Nevasca,42,38,46,Montanha_Rochosa,Critica
SOS-0638,-46.35531,-125.13024,4221,-2.2,Nevasca,13,152,34,Pico_Nevado,Critica
SOS-0639,-41.53622,177.29406,4912,-11.9,Nevasca,98,62,21,Pico_Nevado,Critica
SOS-0640,-22.08885,153.72035,2928,8.8,Ceu_Limpo,85,88,61,Floresta_Densa,Media
SOS-0641,-86.38718,14.38457,1829,20.7,Ceu_Limpo,86,77,62,Corpo_D_Agua,Baixa
SOS-0642,-32.02575,123.13199,575,25.7,Ceu_Limpo,4,61,78,Floresta_Densa,Alta
SOS-0643,-51.93936,7.54487,6468,-20.0,Ceu_Limpo,82,108,76,Montanha_Rochosa,Alta
SOS-0644,-31.05048,44.49085,5511,-1.9,Nevasca,69,79,46,Pico_Nevado,Media
SOS-0645,-68.44282,-147.9152,929,27.6,Ceu_Limpo,19,109,21,Deserto,Media
SOS-0646,70.29491,91.89735,3759,-12.4,Nevasca,2,88,27,Pico_Nevado,Critica
SOS-0647,16.84664,-134.02315,3699,-23.0,Nevasca,12,65,42,Montanha_Rochosa,Critica
SOS-0648,32.23842,117.38435,1463,19.1,Neblina,81,93,48,Corpo_D_Agua,Critica
SOS-0649,52.05082,101.53011,3275,-3.3,Nevasca,74,103,20,Pico_Nevado,Media
SOS-0650,-0.2804,75.14809,4928,-0.7,Nevasca,98,128,64,Pico_Nevado,Alta
SOS-0651,-74.35435,-166.98226,1054,20.0,Neblina,6,81,19,Deserto,Media
SOS-0652,6.67918,-70.87379,5744,-23.2,Nevasca,8,36,74,Montanha_Rochosa,Critica
SOS-0653,15.6314,-85.27947,1900,21.1,Ceu_Limpo,51,98,42,Corpo_D_Agua,Baixa
SOS-0654,44.17911,-50.35089,1457,19.2,Chuva_Forte,11,87,66,Deserto,Media
SOS-0655,-12.30128,-148.44861,1399,21.1,Neblina,63,106,23,Corpo_D_Agua,Critica
SOS-0656,-67.03555,157.30482,3415,1.1,Ceu_Limpo,57,83,43,Floresta_Densa,Media
SOS-0657,-38.92034,19.36881,442,22.7,Ceu_Limpo,12,114,25,Corpo_D_Agua,Media
SOS-0658,-24.64519,-70.01125,3650,-7.5,Nevasca,73,133,52,Montanha_Rochosa,Critica
SOS-0659,26.2651,-37.08665,6218,-23.0,Nevasca,2,75,44,Montanha_Rochosa,Critica
SOS-0660,12.74009,-19.00709,4652,-14.9,Nevasca,8,40,42,Pico_Nevado,Critica
SOS-0661,-25.90259,36.21396,1178,25.2,Chuva_Forte,11,111,35,Floresta_Densa,Media
SOS-0662,87.57274,5.64459,6133,-13.3,Nevasca,53,74,71,Pico_Nevado,Critica
SOS-0663,19.03947,150.98111,4458,1.9,Neblina,100,100,18,Floresta_Densa,Media
SOS-0664,-47.29918,-1.09315,1257,22.2,Chuva_Forte,10,63,78,Floresta_Densa,Media
SOS-0665,-71.67915,177.17689,3634,-16.3,Nevasca,85,57,65,Pico_Nevado,Critica
SOS-0666,-62.48535,126.51298,1841,14.9,Neblina,84,64,56,Montanha_Rochosa,Media
SOS-0667,-45.72761,-104.93621,2309,13.1,Ceu_Limpo,8,35,20,Floresta_Densa,Critica
SOS-0668,-61.07735,155.01428,5946,-14.9,Nevasca,36,108,72,Pico_Nevado,Critica
SOS-0669,-56.41794,-138.1081,6268,-23.1,Nevasca,93,107,21,Pico_Nevado,Critica
SOS-0670,-38.68287,114.2819,910,22.6,Neblina,76,121,58,Floresta_Densa,Media
SOS-0671,-58.79275,-42.97561,4340,-12.5,Ceu_Limpo,14,124,54,Montanha_Rochosa,Media
SOS-0672,71.41778,136.07076,4637,-5.5,Nevasca,54,66,68,Pico_Nevado,Alta
SOS-0673,-75.55793,132.50041,4009,-7.3,Ceu_Limpo,85,133,32,Pico_Nevado,Critica
SOS-0674,4.41205,110.13314,2169,17.6,Ceu_Limpo,86,92,25,Montanha_Rochosa,Baixa
SOS-0675,-16.12857,104.41096,2172,10.6,Neblina,21,58,55,Floresta_Densa,Media
SOS-0676,86.82815,-70.31551,5668,-19.1,Ceu_Limpo,50,61,67,Montanha_Rochosa,Alta
SOS-0677,-69.833,-150.86906,6313,-7.1,Nevasca,94,65,36,Montanha_Rochosa,Media
SOS-0678,-18.38599,-34.92714,123,29.0,Chuva_Forte,39,112,73,Floresta_Densa,Media
SOS-0679,84.50468,-117.53117,3158,-24.9,Nevasca,20,113,64,Pico_Nevado,Critica
SOS-0680,65.79128,70.18239,5827,-3.3,Nevasca,88,127,43,Montanha_Rochosa,Media
SOS-0681,57.07297,-55.4041,785,27.5,Chuva_Forte,87,41,56,Corpo_D_Agua,Critica
SOS-0682,-43.57749,171.21967,6139,-10.2,Nevasca,7,102,27,Pico_Nevado,Critica
SOS-0683,-59.24023,50.74995,6344,-23.2,Ceu_Limpo,9,63,55,Montanha_Rochosa,Media
SOS-0684,30.35578,116.093,2416,16.6,Chuva_Forte,1,99,31,Floresta_Densa,Alta
SOS-0685,77.28768,-132.29112,796,25.5,Ceu_Limpo,26,109,66,Montanha_Rochosa,Media
SOS-0686,10.21732,130.32521,4172,-3.9,Ceu_Limpo,38,42,58,Pico_Nevado,Critica
SOS-0687,12.89028,152.19259,4154,-4.7,Ceu_Limpo,38,56,36,Pico_Nevado,Media
SOS-0688,-39.60376,-4.65771,5619,-3.3,Nevasca,61,83,47,Pico_Nevado,Media
SOS-0689,48.50873,38.25106,1936,17.3,Neblina,44,114,22,Montanha_Rochosa,Media
SOS-0690,-56.33213,95.33153,2156,12.0,Ceu_Limpo,86,85,72,Deserto,Baixa
SOS-0691,-31.73774,-117.05809,3807,-6.9,Ceu_Limpo,44,87,48,Montanha_Rochosa,Media
SOS-0692,-13.42144,0.92379,1301,22.5,Ceu_Limpo,74,66,24,Floresta_Densa,Baixa
SOS-0693,1.36987,-36.48131,4163,-5.0,Nevasca,62,77,36,Pico_Nevado,Media
SOS-0694,-46.36625,-127.30536,3140,-20.4,Nevasca,6,102,48,Pico_Nevado,Critica
SOS-0695,-69.32937,-47.68761,3236,-19.7,Nevasca,17,79,69,Pico_Nevado,Critica
SOS-0696,19.91161,-155.45797,2352,18.2,Ceu_Limpo,51,39,75,Corpo_D_Agua,Critica
SOS-0697,-38.0465,-170.70771,1932,19.6,Ceu_Limpo,38,91,56,Deserto,Baixa
SOS-0698,14.62288,-131.34014,2721,15.9,Chuva_Forte,24,97,41,Montanha_Rochosa,Media
SOS-0699,-62.21471,166.72144,364,30.2,Neblina,51,47,51,Montanha_Rochosa,Critica
SOS-0700,-3.39478,17.83063,4916,-8.9,Nevasca,10,79,74,Pico_Nevado,Alta
SOS-0701,5.8661,167.69598,5498,-7.3,Nevasca,72,101,40,Montanha_Rochosa,Media
SOS-0702,-80.67176,-24.30076,2390,18.0,Ceu_Limpo,21,92,65,Floresta_Densa,Media
SOS-0703,-29.41123,-67.74619,946,24.5,Ceu_Limpo,70,99,62,Corpo_D_Agua,Baixa
SOS-0704,-65.80536,2.21107,5673,-7.9,Ceu_Limpo,85,109,57,Pico_Nevado,Media
SOS-0705,-78.59251,-21.77579,1377,17.4,Neblina,57,62,23,Corpo_D_Agua,Critica
SOS-0706,88.19284,-141.96071,1439,20.1,Chuva_Forte,39,81,55,Corpo_D_Agua,Critica
SOS-0707,-31.97631,50.69747,3180,-5.7,Nevasca,88,71,58,Pico_Nevado,Media
SOS-0708,55.7774,-102.22625,4857,-17.7,Ceu_Limpo,33,102,53,Pico_Nevado,Media
SOS-0709,-44.16468,43.05166,340,24.8,Chuva_Forte,59,81,44,Deserto,Media
SOS-0710,32.67049,54.07239,2989,8.2,Neblina,18,77,28,Montanha_Rochosa,Media
SOS-0711,46.84101,-125.27105,382,24.9,Chuva_Forte,56,103,22,Montanha_Rochosa,Media
SOS-0712,17.21497,-157.91413,5099,-19.2,Ceu_Limpo,92,83,74,Pico_Nevado,Alta
SOS-0713,-5.11629,101.07417,1556,18.9,Chuva_Forte,57,70,34,Deserto,Media
SOS-0714,-15.86864,-14.47185,299,32.1,Ceu_Limpo,96,37,69,Corpo_D_Agua,Critica
SOS-0715,-27.20371,-159.06103,138,29.2,Neblina,76,62,24,Floresta_Densa,Media
SOS-0716,77.31525,178.15187,358,24.5,Chuva_Forte,48,107,44,Corpo_D_Agua,Critica
SOS-0717,59.51149,-159.199,4931,-22.9,Nevasca,42,90,64,Pico_Nevado,Critica
SOS-0718,83.70484,70.21268,1522,21.8,Ceu_Limpo,27,46,74,Floresta_Densa,Critica
SOS-0719,-67.6265,174.12441,3456,-14.7,Nevasca,74,137,32,Pico_Nevado,Critica
SOS-0720,41.55615,-93.89516,1627,22.4,Chuva_Forte,52,132,63,Floresta_Densa,Critica
SOS-0721,78.90128,-128.79023,6078,-7.2,Nevasca,42,93,30,Pico_Nevado,Media
SOS-0722,-57.37805,-136.30142,1303,24.3,Ceu_Limpo,32,86,28,Deserto,Baixa
SOS-0723,-78.03067,-70.82095,5004,-17.7,Nevasca,26,98,77,Montanha_Rochosa,Critica
SOS-0724,43.40172,-143.62351,1134,24.4,Chuva_Forte,25,89,62,Deserto,Media
SOS-0725,13.40516,69.17808,2186,13.1,Chuva_Forte,75,110,43,Floresta_Densa,Media
SOS-0726,61.52918,-157.57495,5091,0.4,Ceu_Limpo,23,59,39,Floresta_Densa,Media
SOS-0727,-64.84097,3.39197,6416,-7.8,Nevasca,98,62,45,Montanha_Rochosa,Media
SOS-0728,53.14812,178.81087,3170,-16.2,Nevasca,57,80,41,Pico_Nevado,Critica
SOS-0729,-53.70708,113.0293,3835,-17.7,Nevasca,52,151,46,Pico_Nevado,Critica
SOS-0730,-60.54193,41.479,2151,12.6,Ceu_Limpo,87,110,26,Montanha_Rochosa,Baixa
SOS-0731,-60.43216,-69.7487,1237,23.7,Ceu_Limpo,93,107,59,Corpo_D_Agua,Baixa
SOS-0732,56.62345,44.6025,5880,-19.1,Nevasca,31,113,21,Montanha_Rochosa,Critica
SOS-0733,29.7355,9.73493,3735,-8.9,Nevasca,64,77,66,Pico_Nevado,Alta
SOS-0734,4.15178,-26.60998,2834,8.8,Ceu_Limpo,71,45,63,Montanha_Rochosa,Critica
SOS-0735,-25.41051,-132.94426,4260,-7.1,Nevasca,33,108,73,Pico_Nevado,Alta
SOS-0736,67.8961,139.17752,998,26.5,Chuva_Forte,85,62,35,Corpo_D_Agua,Critica
SOS-0737,-19.35988,-18.07753,2567,15.7,Ceu_Limpo,2,105,60,Floresta_Densa,Alta
SOS-0738,56.9879,-109.9359,1307,23.9,Ceu_Limpo,18,154,33,Montanha_Rochosa,Critica
SOS-0739,-10.95572,-47.60663,656,22.5,Neblina,47,94,50,Floresta_Densa,Media
SOS-0740,-22.15,-30.91329,2660,8.2,Ceu_Limpo,33,113,46,Montanha_Rochosa,Media
SOS-0741,-6.71764,117.91364,2211,17.2,Chuva_Forte,98,88,56,Montanha_Rochosa,Media
SOS-0742,-35.75198,84.10118,1909,16.0,Ceu_Limpo,84,44,77,Deserto,Critica
SOS-0743,44.56969,96.94976,3730,-13.3,Nevasca,35,77,27,Pico_Nevado,Critica
SOS-0744,0.48967,-176.02874,2046,11.7,Chuva_Forte,51,61,26,Corpo_D_Agua,Critica
SOS-0745,-48.20171,-30.18456,6207,-18.0,Nevasca,18,47,76,Montanha_Rochosa,Critica
SOS-0746,71.92342,-6.71611,3162,-24.1,Ceu_Limpo,88,92,48,Montanha_Rochosa,Media
SOS-0747,-20.89958,-173.09078,1140,26.2,Chuva_Forte,72,103,45,Corpo_D_Agua,Critica
SOS-0748,7.83952,-86.46724,5985,-18.4,Ceu_Limpo,30,98,77,Pico_Nevado,Alta
SOS-0749,73.16498,93.70434,266,28.8,Ceu_Limpo,44,113,74,Montanha_Rochosa,Baixa
SOS-0750,22.36284,-130.64051,1845,13.1,Ceu_Limpo,53,74,20,Deserto,Baixa
SOS-0751,-68.95835,12.71165,1708,20.3,Ceu_Limpo,10,99,71,Corpo_D_Agua,Media
SOS-0752,79.16978,-102.52733,3630,-16.3,Nevasca,87,113,72,Pico_Nevado,Critica
SOS-0753,22.98745,-175.63652,3211,-0.8,Nevasca,52,103,31,Montanha_Rochosa,Media
SOS-0754,-29.71699,-93.16748,2293,18.6,Chuva_Forte,49,77,75,Floresta_Densa,Media
SOS-0755,-64.93103,171.31455,3732,-16.2,Nevasca,11,131,42,Pico_Nevado,Critica
SOS-0756,52.92453,108.55336,3829,-0.7,Ceu_Limpo,66,113,32,Pico_Nevado,Media
SOS-0757,21.6131,165.44759,1510,24.9,Neblina,58,101,19,Floresta_Densa,Media
SOS-0758,6.023,-4.37254,475,30.1,Ceu_Limpo,90,91,41,Deserto,Baixa
SOS-0759,70.90066,-140.49497,976,26.9,Ceu_Limpo,36,94,31,Floresta_Densa,Baixa
SOS-0760,51.9475,17.26542,1207,19.4,Ceu_Limpo,33,75,65,Deserto,Baixa
SOS-0761,-62.69852,-16.42416,5139,-9.4,Nevasca,47,57,24,Pico_Nevado,Media
SOS-0762,-33.89003,123.96855,1960,12.6,Ceu_Limpo,13,105,53,Floresta_Densa,Media
SOS-0763,-45.27195,-144.69027,557,22.2,Chuva_Forte,40,101,67,Floresta_Densa,Media
SOS-0764,43.91033,-4.23319,5113,2.0,Ceu_Limpo,89,128,41,Floresta_Densa,Media
SOS-0765,-83.96416,-125.98248,5701,-16.2,Nevasca,68,106,44,Montanha_Rochosa,Critica
SOS-0766,12.58014,-63.11667,882,26.6,Neblina,42,93,54,Floresta_Densa,Media
SOS-0767,47.24256,85.44855,2194,18.4,Chuva_Forte,19,132,55,Deserto,Critica
SOS-0768,67.81781,-8.63347,4761,-1.8,Ceu_Limpo,82,41,47,Pico_Nevado,Critica
SOS-0769,-28.42529,-44.68022,2667,17.2,Ceu_Limpo,94,55,44,Floresta_Densa,Media
SOS-0770,57.82631,-37.98854,5867,-18.5,Nevasca,19,75,56,Pico_Nevado,Critica
SOS-0771,-70.08629,-14.59916,4959,-23.9,Nevasca,58,144,80,Pico_Nevado,Critica
SOS-0772,62.36141,102.60596,4677,-13.9,Nevasca,23,61,32,Pico_Nevado,Critica
SOS-0773,-67.05204,141.15049,4790,-21.5,Nevasca,54,137,43,Pico_Nevado,Critica
SOS-0774,-18.48829,163.92049,5347,-24.4,Nevasca,80,61,18,Montanha_Rochosa,Critica
SOS-0775,53.51317,103.28522,1610,17.9,Chuva_Forte,65,44,73,Corpo_D_Agua,Critica
SOS-0776,-63.01486,-66.45352,3488,-3.8,Nevasca,12,63,21,Pico_Nevado,Media
SOS-0777,-48.73475,67.72849,5335,-9.7,Nevasca,24,49,46,Pico_Nevado,Critica
SOS-0778,40.00546,-22.46288,2454,11.8,Ceu_Limpo,34,82,74,Deserto,Baixa
SOS-0779,39.60658,-88.31858,4494,-7.3,Nevasca,53,77,18,Pico_Nevado,Media
SOS-0780,25.40657,122.71377,1946,14.3,Ceu_Limpo,8,91,60,Floresta_Densa,Alta
SOS-0781,34.91072,-166.16651,4810,-24.6,Nevasca,18,35,67,Montanha_Rochosa,Critica
SOS-0782,7.6904,144.63432,4799,-4.4,Nevasca,57,61,63,Pico_Nevado,Alta
SOS-0783,-44.67617,-13.86811,2808,12.5,Neblina,5,47,39,Montanha_Rochosa,Critica
SOS-0784,-27.77472,49.39253,3825,-4.4,Nevasca,26,133,28,Montanha_Rochosa,Critica
SOS-0785,-57.31241,57.36741,3536,-23.9,Ceu_Limpo,30,93,27,Pico_Nevado,Media
SOS-0786,73.5211,142.24239,5810,-2.4,Nevasca,54,65,76,Pico_Nevado,Alta
SOS-0787,15.01052,49.20109,6068,-8.3,Nevasca,13,58,79,Pico_Nevado,Alta
SOS-0788,-17.84674,41.01609,3802,-9.8,Nevasca,83,122,34,Montanha_Rochosa,Media
SOS-0789,-6.83896,-156.00527,4177,-8.1,Nevasca,29,93,53,Pico_Nevado,Media
SOS-0790,80.511,6.62689,4699,-1.7,Nevasca,3,35,73,Montanha_Rochosa,Critica
SOS-0791,-62.39675,-125.93916,1970,17.7,Chuva_Forte,90,114,64,Deserto,Media
SOS-0792,15.52137,85.47616,5806,-9.3,Nevasca,58,92,43,Pico_Nevado,Media
SOS-0793,1.05996,4.39989,6142,1.7,Chuva_Forte,76,91,65,Montanha_Rochosa,Alta
SOS-0794,20.06176,64.882,3822,-4.6,Nevasca,2,65,38,Pico_Nevado,Media
SOS-0795,-86.74017,-164.99776,2819,10.6,Neblina,75,80,30,Montanha_Rochosa,Media
SOS-0796,66.9823,-149.47487,902,26.1,Ceu_Limpo,28,41,26,Deserto,Critica
SOS-0797,77.78129,77.87642,364,26.5,Ceu_Limpo,82,97,28,Montanha_Rochosa,Baixa
SOS-0798,11.72397,-154.04964,4258,-18.8,Nevasca,77,93,28,Pico_Nevado,Critica
SOS-0799,35.39715,-154.34758,3119,-8.9,Ceu_Limpo,86,58,23,Pico_Nevado,Media
SOS-0800,76.04989,-175.64095,2558,17.2,Neblina,76,148,18,Montanha_Rochosa,Critica
SOS-0801,37.30295,164.3405,1863,21.9,Ceu_Limpo,2,63,71,Floresta_Densa,Alta
SOS-0802,-62.54297,85.50301,115,27.7,Neblina,7,49,23,Floresta_Densa,Critica
SOS-0803,13.7319,-52.82949,2384,14.4,Neblina,26,60,30,Floresta_Densa,Media
SOS-0804,19.20871,-73.24719,4976,-19.3,Nevasca,90,148,39,Pico_Nevado,Critica
SOS-0805,-13.65648,-54.10684,3935,1.9,Ceu_Limpo,88,55,73,Montanha_Rochosa,Alta
SOS-0806,42.55996,98.87527,4935,1.5,Ceu_Limpo,76,74,48,Montanha_Rochosa,Media
SOS-0807,78.18606,58.09342,6290,-7.5,Ceu_Limpo,16,57,39,Montanha_Rochosa,Media
SOS-0808,76.60233,-113.3296,5442,-3.3,Nevasca,23,68,54,Montanha_Rochosa,Media
SOS-0809,-8.84891,-117.32064,2490,15.6,Chuva_Forte,40,71,64,Corpo_D_Agua,Critica
SOS-0810,-69.61715,-144.57757,5132,-9.0,Nevasca,60,47,44,Pico_Nevado,Critica
SOS-0811,87.27142,57.70898,942,19.3,Chuva_Forte,73,80,67,Deserto,Media
SOS-0812,61.00166,95.17416,1724,18.1,Ceu_Limpo,32,142,69,Floresta_Densa,Critica
SOS-0813,-67.56072,-84.58329,2334,16.2,Chuva_Forte,15,56,31,Floresta_Densa,Media
SOS-0814,75.75154,-172.45981,2767,13.3,Neblina,13,59,64,Montanha_Rochosa,Media
SOS-0815,66.58135,-150.4182,1137,21.2,Neblina,5,126,75,Floresta_Densa,Alta
SOS-0816,3.39085,168.42961,2527,17.6,Neblina,75,67,22,Montanha_Rochosa,Media
SOS-0817,16.42958,-73.63988,4117,-20.5,Nevasca,74,109,75,Pico_Nevado,Critica
SOS-0818,-18.17951,96.92033,3420,-11.5,Nevasca,52,109,53,Pico_Nevado,Critica
SOS-0819,-80.14291,44.87888,5845,-6.3,Nevasca,77,87,49,Pico_Nevado,Media
SOS-0820,-29.6645,-42.50173,4778,-6.2,Nevasca,41,38,51,Montanha_Rochosa,Critica
SOS-0821,54.51362,-105.95259,3906,-7.5,Nevasca,53,100,24,Pico_Nevado,Media
SOS-0822,-89.16624,-136.30089,3637,-17.6,Nevasca,50,70,59,Pico_Nevado,Critica
SOS-0823,-29.97015,41.40467,2953,6.9,Chuva_Forte,15,47,65,Montanha_Rochosa,Critica
SOS-0824,-18.32964,98.86816,5929,-7.8,Ceu_Limpo,7,78,27,Montanha_Rochosa,Media
SOS-0825,6.73121,51.80553,2367,15.2,Ceu_Limpo,40,73,67,Corpo_D_Agua,Baixa
SOS-0826,75.57401,10.90877,4221,-20.2,Nevasca,28,69,34,Pico_Nevado,Critica
SOS-0827,-27.65772,-164.89756,276,30.2,Ceu_Limpo,32,64,47,Montanha_Rochosa,Baixa
SOS-0828,-27.54842,168.65596,1999,16.2,Ceu_Limpo,99,100,38,Floresta_Densa,Baixa
SOS-0829,42.75022,107.53711,1227,23.5,Ceu_Limpo,15,67,77,Floresta_Densa,Media
SOS-0830,-8.60077,-74.58407,6337,-2.4,Ceu_Limpo,100,44,30,Pico_Nevado,Critica
SOS-0831,-49.57113,172.78932,3752,-20.4,Ceu_Limpo,85,134,18,Pico_Nevado,Critica
SOS-0832,-8.56089,36.67737,3735,-24.5,Ceu_Limpo,70,101,18,Pico_Nevado,Media
SOS-0833,-64.64574,29.67216,695,28.2,Neblina,65,103,64,Deserto,Media
SOS-0834,-58.25034,89.30634,1309,22.4,Ceu_Limpo,4,102,50,Floresta_Densa,Alta
SOS-0835,-0.2938,112.23712,4152,-6.1,Nevasca,11,66,55,Pico_Nevado,Media
SOS-0836,-14.59342,56.3323,3234,-2.4,Nevasca,26,83,42,Pico_Nevado,Media
SOS-0837,74.67226,-133.88553,4114,-3.3,Nevasca,61,94,43,Pico_Nevado,Media
SOS-0838,-24.7691,-58.2237,2311,19.2,Ceu_Limpo,37,111,30,Corpo_D_Agua,Baixa
SOS-0839,14.5059,154.11011,2841,11.4,Ceu_Limpo,23,65,76,Floresta_Densa,Media
SOS-0840,23.80757,-99.13838,4208,-11.8,Nevasca,93,88,45,Pico_Nevado,Critica
SOS-0841,-87.643,-46.01987,3559,-14.1,Nevasca,85,45,50,Pico_Nevado,Critica
SOS-0842,29.43673,-24.45232,3398,-20.9,Nevasca,91,90,54,Pico_Nevado,Critica
SOS-0843,-57.95353,-21.8142,541,27.1,Ceu_Limpo,40,97,80,Floresta_Densa,Baixa
SOS-0844,82.99266,40.65825,2694,9.8,Chuva_Forte,77,147,58,Montanha_Rochosa,Critica
SOS-0845,-63.24071,159.5073,4674,-0.1,Nevasca,23,99,47,Pico_Nevado,Media
SOS-0846,-15.36766,-93.35062,1088,23.6,Ceu_Limpo,16,35,74,Floresta_Densa,Critica
SOS-0847,-74.63706,-136.2595,3363,-9.0,Ceu_Limpo,94,40,66,Pico_Nevado,Critica
SOS-0848,89.43737,-108.91062,24,28.4,Ceu_Limpo,61,79,65,Deserto,Baixa
SOS-0849,0.3951,139.29296,1572,15.0,Ceu_Limpo,68,80,25,Floresta_Densa,Media
SOS-0850,17.1693,52.49189,6144,-24.1,Ceu_Limpo,80,144,66,Pico_Nevado,Critica
SOS-0851,-77.92623,-77.07356,2958,9.5,Chuva_Forte,31,47,64,Montanha_Rochosa,Critica
SOS-0852,44.99288,113.7409,5668,-22.7,Nevasca,53,89,73,Pico_Nevado,Critica
SOS-0853,-52.21699,130.0932,4236,-8.6,Nevasca,25,114,18,Pico_Nevado,Media
SOS-0854,71.64977,124.74516,1767,22.0,Chuva_Forte,44,112,29,Floresta_Densa,Media
SOS-0855,-53.07486,150.81355,4743,-1.2,Ceu_Limpo,12,65,22,Pico_Nevado,Media
SOS-0856,-55.67621,-89.19323,2235,16.7,Chuva_Forte,90,104,41,Deserto,Media
SOS-0857,-83.42106,91.81509,200,25.8,Chuva_Forte,97,65,23,Montanha_Rochosa,Media
SOS-0858,-5.02795,-14.20578,3198,-1.7,Nevasca,92,85,42,Pico_Nevado,Media
SOS-0859,11.6714,123.11948,256,32.2,Ceu_Limpo,9,72,18,Floresta_Densa,Alta
SOS-0860,-78.17244,82.25664,3747,-19.7,Nevasca,12,110,42,Montanha_Rochosa,Critica
SOS-0861,49.59497,99.52108,4642,-5.1,Nevasca,69,85,18,Pico_Nevado,Media
SOS-0862,-8.40801,56.21826,2241,12.9,Chuva_Forte,54,95,49,Corpo_D_Agua,Critica
SOS-0863,4.39025,-116.12564,3175,-3.3,Nevasca,54,56,59,Pico_Nevado,Media
SOS-0864,-10.66271,16.20969,3606,1.9,Ceu_Limpo,28,57,59,Montanha_Rochosa,Media
SOS-0865,-17.86265,174.48111,3336,-24.2,Nevasca,56,60,20,Pico_Nevado,Critica
SOS-0866,10.73526,157.4597,4897,-0.8,Nevasca,99,65,66,Pico_Nevado,Alta
SOS-0867,-62.05676,-164.45746,5037,-8.2,Nevasca,69,106,36,Pico_Nevado,Media
SOS-0868,-57.25294,-120.66667,413,32.0,Chuva_Forte,98,92,77,Corpo_D_Agua,Critica
SOS-0869,65.12141,-132.57764,2014,16.2,Ceu_Limpo,98,104,60,Deserto,Baixa
SOS-0870,80.30078,81.35277,1381,24.3,Chuva_Forte,77,69,46,Corpo_D_Agua,Critica
SOS-0871,-22.80432,114.40272,1098,18.3,Neblina,58,106,67,Floresta_Densa,Media
SOS-0872,-41.26596,-103.13591,3426,-15.9,Nevasca,78,56,19,Pico_Nevado,Critica
SOS-0873,25.91992,2.10697,3655,-23.2,Nevasca,75,154,26,Montanha_Rochosa,Critica
SOS-0874,-16.42785,122.65309,909,28.7,Ceu_Limpo,42,61,73,Deserto,Baixa
SOS-0875,-85.43046,83.80856,187,31.9,Chuva_Forte,38,96,34,Deserto,Media
SOS-0876,-61.89253,15.20539,4044,-2.0,Nevasca,68,55,77,Pico_Nevado,Alta
SOS-0877,38.875,32.52517,3756,0.3,Ceu_Limpo,53,55,63,Montanha_Rochosa,Alta
SOS-0878,28.60631,3.0098,2015,12.4,Chuva_Forte,33,75,53,Deserto,Media
SOS-0879,-85.12272,-72.88256,5409,-14.6,Ceu_Limpo,71,77,78,Pico_Nevado,Alta
SOS-0880,-50.04501,23.40792,2092,11.8,Ceu_Limpo,56,58,34,Corpo_D_Agua,Baixa
SOS-0881,-48.40654,67.99871,3644,-19.3,Nevasca,72,76,66,Pico_Nevado,Critica
SOS-0882,30.94069,134.39625,2130,13.1,Neblina,51,55,29,Deserto,Media
SOS-0883,-86.4521,49.06489,5242,-12.3,Nevasca,74,153,77,Pico_Nevado,Critica
SOS-0884,-71.26046,94.00375,357,25.3,Neblina,43,90,37,Corpo_D_Agua,Critica
SOS-0885,53.9849,-122.37421,5647,-22.3,Nevasca,15,144,67,Montanha_Rochosa,Critica
SOS-0886,-57.86196,-13.83931,5185,-20.5,Ceu_Limpo,38,109,20,Montanha_Rochosa,Media
SOS-0887,27.4943,-176.64062,5776,-21.0,Nevasca,15,78,60,Montanha_Rochosa,Critica
SOS-0888,-47.1271,-91.19561,2422,18.6,Chuva_Forte,5,108,74,Montanha_Rochosa,Media
SOS-0889,-72.10055,81.52622,4257,-4.5,Ceu_Limpo,93,70,67,Pico_Nevado,Alta
SOS-0890,-46.22901,177.05158,6465,1.1,Chuva_Forte,83,55,21,Montanha_Rochosa,Media
SOS-0891,40.00805,-144.29588,4545,-13.1,Nevasca,54,149,34,Pico_Nevado,Critica
SOS-0892,64.02536,-35.46205,1497,17.8,Ceu_Limpo,51,112,67,Montanha_Rochosa,Baixa
SOS-0893,59.43958,108.02555,5132,-3.4,Nevasca,10,96,54,Pico_Nevado,Media
SOS-0894,-18.50696,-106.54717,6327,-16.2,Nevasca,12,97,63,Montanha_Rochosa,Critica
SOS-0895,30.25532,19.83058,2158,13.6,Ceu_Limpo,4,130,59,Deserto,Media
SOS-0896,-53.10283,83.90567,6046,-18.7,Nevasca,95,68,32,Montanha_Rochosa,Critica
SOS-0897,-37.23341,41.75476,2555,9.3,Chuva_Forte,18,96,50,Montanha_Rochosa,Media
SOS-0898,71.34045,-112.3111,5409,-18.1,Nevasca,80,86,33,Pico_Nevado,Critica
SOS-0899,-87.65965,-52.06156,2342,12.9,Chuva_Forte,36,80,28,Deserto,Media
SOS-0900,-74.60846,102.16504,2951,12.1,Ceu_Limpo,25,110,72,Montanha_Rochosa,Media
SOS-0901,-52.58047,19.52155,1238,17.4,Ceu_Limpo,87,96,37,Montanha_Rochosa,Baixa
SOS-0902,-85.2242,-178.11734,973,20.6,Ceu_Limpo,76,84,55,Floresta_Densa,Baixa
SOS-0903,-57.34162,93.95667,4727,-3.2,Nevasca,98,41,41,Pico_Nevado,Critica
SOS-0904,14.94748,-167.28791,3965,-21.0,Nevasca,36,63,78,Pico_Nevado,Critica
SOS-0905,-14.14358,88.46416,5686,-15.7,Nevasca,67,100,71,Pico_Nevado,Critica
SOS-0906,70.68091,-107.107,1050,26.6,Ceu_Limpo,9,63,33,Deserto,Media
SOS-0907,57.13984,164.90645,3701,-20.8,Ceu_Limpo,61,73,47,Pico_Nevado,Media
SOS-0908,-28.47288,-47.54133,2780,7.3,Ceu_Limpo,53,94,51,Montanha_Rochosa,Media
SOS-0909,-43.30378,-62.30462,1588,19.3,Chuva_Forte,18,63,18,Floresta_Densa,Media
SOS-0910,-21.65537,-126.4003,3878,-16.8,Nevasca,43,142,41,Pico_Nevado,Critica
SOS-0911,16.25309,-69.98248,2368,14.8,Chuva_Forte,35,129,41,Corpo_D_Agua,Critica
SOS-0912,-41.74854,135.59427,5789,-3.3,Ceu_Limpo,63,127,26,Montanha_Rochosa,Media
SOS-0913,22.3468,178.68036,436,23.5,Ceu_Limpo,98,70,39,Corpo_D_Agua,Baixa
SOS-0914,-16.3059,-47.40857,2828,12.0,Ceu_Limpo,78,91,29,Montanha_Rochosa,Media
SOS-0915,9.36849,-18.50017,1556,19.7,Neblina,4,108,34,Floresta_Densa,Alta
SOS-0916,-11.49722,79.94554,5172,-21.1,Nevasca,93,71,79,Pico_Nevado,Critica
SOS-0917,-36.99616,139.03048,3858,-8.2,Nevasca,41,76,42,Pico_Nevado,Media
SOS-0918,80.7216,33.49596,1304,19.0,Chuva_Forte,45,87,45,Montanha_Rochosa,Media
SOS-0919,47.44904,-39.05075,6174,-11.8,Nevasca,50,101,78,Montanha_Rochosa,Critica
SOS-0920,-64.77963,-31.45614,2384,9.9,Neblina,79,72,32,Floresta_Densa,Media
SOS-0921,66.32424,70.42253,182,28.4,Neblina,28,44,47,Corpo_D_Agua,Critica
SOS-0922,-2.26238,-178.84143,5565,-16.7,Ceu_Limpo,42,58,68,Montanha_Rochosa,Alta
SOS-0923,71.0194,43.05216,5575,-2.8,Nevasca,80,67,44,Pico_Nevado,Media
SOS-0924,53.97395,-52.02252,1589,15.0,Neblina,76,72,39,Floresta_Densa,Media
SOS-0925,-13.46157,105.91104,1587,18.6,Ceu_Limpo,69,78,27,Floresta_Densa,Media
SOS-0926,-85.95552,-146.52337,659,25.2,Ceu_Limpo,98,87,78,Corpo_D_Agua,Baixa
SOS-0927,-41.63808,31.75282,159,31.2,Neblina,1,63,75,Montanha_Rochosa,Media
SOS-0928,7.49416,-6.84976,3953,-9.5,Nevasca,39,111,48,Pico_Nevado,Media
SOS-0929,24.02608,51.23719,1011,24.9,Ceu_Limpo,96,64,44,Floresta_Densa,Baixa
SOS-0930,-43.58022,-156.65271,52,32.4,Ceu_Limpo,90,75,29,Floresta_Densa,Baixa
SOS-0931,-64.91591,28.79416,5141,-1.7,Ceu_Limpo,17,101,63,Montanha_Rochosa,Alta
SOS-0932,60.28744,22.13445,5149,-16.5,Nevasca,91,111,48,Montanha_Rochosa,Critica
SOS-0933,87.19239,21.83763,2307,15.0,Chuva_Forte,88,112,49,Deserto,Media
SOS-0934,4.62423,37.25556,1228,25.2,Ceu_Limpo,35,95,49,Deserto,Baixa
SOS-0935,-59.09773,63.52846,5590,1.7,Chuva_Forte,46,110,58,Montanha_Rochosa,Media
SOS-0936,-40.98468,109.79604,5585,-1.0,Ceu_Limpo,42,43,76,Montanha_Rochosa,Critica
SOS-0937,-86.68968,-82.86454,1035,21.8,Ceu_Limpo,39,126,62,Deserto,Baixa
SOS-0938,74.57379,117.01779,3702,-19.7,Nevasca,90,63,52,Pico_Nevado,Critica
SOS-0939,-68.80481,-0.62795,6046,-11.8,Nevasca,49,103,70,Montanha_Rochosa,Critica
SOS-0940,13.77297,-152.25902,4045,-5.0,Ceu_Limpo,62,114,78,Pico_Nevado,Alta
SOS-0941,-40.67006,-158.92167,4945,-11.7,Nevasca,38,151,63,Pico_Nevado,Critica
SOS-0942,9.75204,-59.67421,4449,-12.0,Ceu_Limpo,23,83,38,Pico_Nevado,Media
SOS-0943,27.25567,102.56291,5194,-2.4,Nevasca,22,90,27,Pico_Nevado,Media
SOS-0944,59.35352,74.76514,5835,-15.2,Ceu_Limpo,4,135,33,Pico_Nevado,Critica
SOS-0945,-52.84417,103.90139,5560,-1.8,Ceu_Limpo,49,90,24,Pico_Nevado,Media
SOS-0946,-88.02075,6.21686,5086,-14.0,Nevasca,59,46,21,Pico_Nevado,Critica
SOS-0947,-65.36059,-21.52836,1264,19.9,Neblina,73,70,44,Corpo_D_Agua,Critica
SOS-0948,72.00336,-126.91709,1884,17.0,Ceu_Limpo,68,136,69,Floresta_Densa,Critica
SOS-0949,67.30021,-61.85061,1809,20.6,Ceu_Limpo,71,92,72,Floresta_Densa,Baixa
SOS-0950,17.53436,-23.75303,3167,-21.6,Nevasca,87,83,42,Pico_Nevado,Critica
SOS-0951,18.09303,-148.10385,3797,-19.7,Ceu_Limpo,2,64,48,Pico_Nevado,Media
SOS-0952,29.7066,-100.5797,2341,18.9,Chuva_Forte,49,36,28,Floresta_Densa,Critica
SOS-0953,-58.43317,35.36111,6352,-20.3,Nevasca,88,75,65,Montanha_Rochosa,Critica
SOS-0954,74.59415,84.83872,3414,-9.7,Nevasca,95,58,37,Montanha_Rochosa,Media
SOS-0955,-14.62131,179.4051,5207,-9.4,Nevasca,31,74,53,Montanha_Rochosa,Media
SOS-0956,-21.03506,155.9208,817,24.4,Ceu_Limpo,40,95,71,Corpo_D_Agua,Baixa
SOS-0957,3.40519,51.32347,5895,-7.6,Nevasca,48,100,71,Pico_Nevado,Alta
SOS-0958,-81.54613,-28.3507,6056,-18.8,Ceu_Limpo,51,88,72,Pico_Nevado,Alta
SOS-0959,-60.06899,49.02385,2437,14.3,Ceu_Limpo,43,64,80,Floresta_Densa,Baixa
SOS-0960,42.84605,102.83458,6468,-15.0,Nevasca,98,55,34,Pico_Nevado,Critica
SOS-0961,-75.09624,-137.39897,888,25.7,Ceu_Limpo,55,39,62,Floresta_Densa,Critica
SOS-0962,18.56738,-32.43424,5951,-21.2,Nevasca,88,103,28,Montanha_Rochosa,Critica
SOS-0963,-45.83716,122.32882,5276,-9.6,Ceu_Limpo,49,77,47,Pico_Nevado,Media
SOS-0964,-19.92679,-41.82014,667,22.4,Neblina,90,97,52,Montanha_Rochosa,Media
SOS-0965,-38.03513,25.87402,4728,-17.5,Nevasca,80,154,58,Montanha_Rochosa,Critica
SOS-0966,-25.97891,31.59697,2624,9.7,Chuva_Forte,57,45,55,Montanha_Rochosa,Critica
SOS-0967,39.42826,-113.58855,5738,-20.1,Ceu_Limpo,77,86,39,Montanha_Rochosa,Media
SOS-0968,-36.51809,-49.59524,4232,-2.7,Ceu_Limpo,15,113,70,Pico_Nevado,Alta
SOS-0969,11.95284,-59.57594,6042,-17.3,Nevasca,27,71,60,Montanha_Rochosa,Critica
SOS-0970,-4.31093,-170.56918,5793,0.0,Neblina,68,64,65,Montanha_Rochosa,Alta
SOS-0971,29.46081,-171.29096,4523,1.2,Ceu_Limpo,80,67,68,Montanha_Rochosa,Alta
SOS-0972,78.62935,119.41094,5571,-9.6,Nevasca,64,59,44,Pico_Nevado,Media
SOS-0973,41.86298,-81.69451,818,21.0,Ceu_Limpo,94,49,54,Montanha_Rochosa,Critica
SOS-0974,-51.31073,6.50836,2188,14.2,Ceu_Limpo,30,38,63,Corpo_D_Agua,Critica
SOS-0975,-84.38704,-72.45879,1106,25.6,Ceu_Limpo,36,56,66,Corpo_D_Agua,Baixa
SOS-0976,-42.79247,158.64453,2224,13.8,Ceu_Limpo,67,124,52,Deserto,Baixa
SOS-0977,17.11403,-86.65317,197,24.6,Ceu_Limpo,86,112,21,Montanha_Rochosa,Baixa
SOS-0978,-80.74335,-25.32355,2671,12.8,Neblina,86,63,33,Montanha_Rochosa,Media
SOS-0979,-0.65408,134.18289,6091,-2.2,Ceu_Limpo,49,66,33,Pico_Nevado,Media
SOS-0980,17.43171,123.09608,3492,-3.5,Nevasca,76,97,38,Pico_Nevado,Media
SOS-0981,-29.8361,-113.00349,2448,10.4,Neblina,55,76,43,Montanha_Rochosa,Media
SOS-0982,48.7642,108.95159,470,28.6,Neblina,85,122,74,Deserto,Media
SOS-0983,-70.81231,-15.05272,6361,-19.0,Ceu_Limpo,56,44,53,Montanha_Rochosa,Critica
SOS-0984,-76.4752,-6.13121,1948,14.2,Ceu_Limpo,68,121,36,Floresta_Densa,Baixa
SOS-0985,41.07398,-131.94721,5024,-1.4,Nevasca,95,102,75,Pico_Nevado,Alta
SOS-0986,-0.81156,-150.98346,3899,-18.3,Ceu_Limpo,44,69,34,Pico_Nevado,Media
SOS-0987,33.91243,82.05815,2010,14.2,Chuva_Forte,31,62,62,Montanha_Rochosa,Media
SOS-0988,-11.73108,-1.27399,3800,-25.0,Nevasca,58,59,43,Pico_Nevado,Critica
SOS-0989,-45.64763,-22.73375,5001,-1.5,Nevasca,87,131,39,Montanha_Rochosa,Critica
SOS-0990,57.43842,82.62296,6318,-3.6,Nevasca,53,140,72,Pico_Nevado,Critica
SOS-0991,53.89486,95.58464,4118,-8.1,Nevasca,84,72,75,Pico_Nevado,Alta
SOS-0992,35.04536,-122.79306,3796,-4.7,Nevasca,79,130,80,Pico_Nevado,Alta
SOS-0993,-41.01388,39.68105,3988,-20.9,Nevasca,23,84,73,Pico_Nevado,Critica
SOS-0994,16.24152,-131.27253,234,28.0,Neblina,28,105,45,Corpo_D_Agua,Critica
SOS-0995,-25.0247,90.49503,5220,-15.5,Ceu_Limpo,16,109,18,Pico_Nevado,Media
SOS-0996,-73.51523,56.50386,928,19.8,Ceu_Limpo,37,60,61,Floresta_Densa,Baixa
SOS-0997,75.11644,164.38126,3607,-11.9,Ceu_Limpo,21,44,53,Montanha_Rochosa,Critica
SOS-0998,-65.37265,-155.17511,522,30.7,Ceu_Limpo,79,93,60,Floresta_Densa,Baixa
SOS-0999,81.04272,-159.4603,5904,-23.9,Nevasca,17,105,54,Pico_Nevado,Critica
SOS-1000,-9.71896,-78.41265,3523,-17.1,Ceu_Limpo,37,49,19,Pico_Nevado,Critica
